Customer_ID,Segment,Predicted_CLV,Churn_Probability,Frequency,Monetary,Revenue_At_Risk,Strategy_Group
12748,Medium Risk,3753.424584974132,0.77,34,78655.491,2890.1369304300815,Critical Retention
15311,Medium Risk,4379.4511416288005,0.51,16,63840.276,2233.5200822306883,Critical Retention
17850,High Risk,1969.1822843924397,0.875,10,36683.62,1723.0344988433847,Emergency Intervention
14667,High Risk,1492.6833310405857,0.82,7,27112.247,1224.0003314532803,Emergency Intervention
17841,Medium Risk,4376.516370990872,0.435,16,40260.238,1903.7846213810294,Critical Retention
18118,High Risk,2253.6368101569024,0.825,5,21861.449,1859.2503683794444,Emergency Intervention
14646,High Risk,1739.16608763991,0.815,9,22032.541,1417.4203614265266,Emergency Intervention
14911,Medium Risk,4969.944592910466,0.4,20,37149.783,1987.9778371641864,Critical Retention
15351,High Risk,1840.1487500770763,0.82,2,20887.982,1508.9219750632026,Emergency Intervention
12433,Medium Risk,1736.8827646274262,0.735,3,17418.691,1276.6088320011584,Critical Retention
15570,Medium Risk,1430.4777561767305,0.75,7,16980.849,1072.8583171325479,Critical Retention
13267,Medium Risk,1882.374426841915,0.715,6,16714.356,1345.8977151919692,Critical Retention
15880,High Risk,1180.006228322838,0.885,2,14311.12,1044.3055120657118,Emergency Intervention
14180,Medium Risk,1916.6081789923153,0.485,5,20351.215,929.5549668112728,Critical Retention
15464,High Risk,806.5735158871711,0.84,2,13718.315,677.5217533452237,Emergency Intervention
13174,Medium Risk,2108.233077557474,0.635,3,14492.622,1338.728004248996,Critical Retention
15574,High Risk,1352.4460305852062,0.845,3,13000.1,1142.8168958444992,Emergency Intervention
13081,Medium Risk,1275.7547833402093,0.425,6,21338.632,542.195782919589,Critical Retention
17341,High Risk,1158.9782772194126,0.885,2,12192.679,1025.69577533918,Emergency Intervention
17340,High Risk,1040.3642285168214,0.915,4,10997.289,951.9332690928916,Emergency Intervention
17602,High Risk,1060.4490157354821,0.83,1,11617.12,880.1726830604501,Emergency Intervention
14800,High Risk,1024.594651519398,0.875,4,10959.05,896.5203200794732,Emergency Intervention
12451,Medium Risk,1094.7412011640372,0.795,1,9906.437,870.3192549254096,Critical Retention
15862,High Risk,1.2894243444444444,0.98,1,9484.895,1.2636358575555555,High-Risk Automation
15889,High Risk,42.62446573591502,0.99,1,9298.72,42.19822107855587,High-Risk Automation
18116,High Risk,1143.3886711282667,0.825,6,11148.507,943.2956536808199,Emergency Intervention
14505,High Risk,1272.3085475747334,0.815,4,11235.051,1036.9314662734078,Emergency Intervention
14606,Low Risk,5046.976424854814,0.235,20,37396.539,1186.0394598408811,Loyal Growth
12683,High Risk,1526.1601012833248,0.86,5,10180.774,1312.4976871036592,Emergency Intervention
15640,Medium Risk,1135.8246962659018,0.69,6,10471.957,783.7190404234722,Critical Retention
17968,High Risk,120.82480341554384,0.975,1,8802.836,117.80418333015524,High-Risk Automation
14415,High Risk,1309.8905069172374,0.805,3,10585.505,1054.4618580683762,Emergency Intervention
17198,High Risk,1204.4051043615718,0.86,3,9763.065,1035.7883897509519,Emergency Intervention
14729,High Risk,81.4560396322105,0.985,2,8389.788,80.23419903772735,High-Risk Automation
15356,High Risk,1184.191677446603,0.85,4,9710.623,1006.5629258296126,Emergency Intervention
13983,High Risk,1008.7983287111837,0.865,3,9515.043,872.6105543351739,Emergency Intervention
18041,Medium Risk,1058.9353017597793,0.445,5,15301.884,471.2262092831018,Critical Retention
16713,High Risk,948.673959831319,0.855,3,9210.08,811.1162356557778,Emergency Intervention
16891,High Risk,0.7141909264705883,0.96,2,8149.43,0.6856232894117648,High-Risk Automation
15998,High Risk,1184.826477097789,0.875,1,8926.402,1036.7231674605653,Emergency Intervention
15525,High Risk,71.60645508466664,0.95,1,8050.183,68.0261323304333,High-Risk Automation
16520,High Risk,30.984563401333325,0.995,2,7630.098,30.829640584326658,High-Risk Automation
17191,High Risk,28.232576994470577,0.96,2,7892.2970000000005,27.10327391469175,High-Risk Automation
14573,High Risk,0.0,1.0,1,7516.834,0.0,High-Risk Automation
16065,High Risk,34.503044924444424,0.985,2,7603.143,33.98549925057776,High-Risk Automation
17890,High Risk,1321.0719829777208,0.945,3,7762.721,1248.413023913946,Emergency Intervention
15529,High Risk,1599.7780046667551,0.895,4,8097.708,1431.8013141767458,Emergency Intervention
12481,Medium Risk,1462.5822320421485,0.595,4,10136.311,870.2364280650783,Critical Retention
16033,High Risk,1265.3508882423746,0.8,4,9021.63,1012.2807105938997,Emergency Intervention
16686,High Risk,1709.865960510429,0.86,2,8382.631,1470.4847260389688,Emergency Intervention
16919,High Risk,8.896151476470589,0.97,2,7366.1990000000005,8.62926693217647,High-Risk Automation
17019,Medium Risk,1544.2512324094857,0.745,3,7989.35,1150.4671681450668,Critical Retention
14307,High Risk,1140.5077998539386,0.875,2,8133.604,997.9443248721964,Emergency Intervention
17059,High Risk,1418.4141013374642,0.805,2,8803.108,1141.8233515766588,Emergency Intervention
15023,Medium Risk,1382.8031109673618,0.71,3,8225.575,981.7902087868268,Critical Retention
17218,Medium Risk,1182.5712043879228,0.75,4,7709.309,886.928403290942,Critical Retention
16274,High Risk,3.466177333333333,0.995,1,6969.701,3.4488464466666664,High-Risk Automation
14083,High Risk,1067.1752970177442,0.92,2,7529.0109999999995,981.8012732563247,Emergency Intervention
13715,Medium Risk,1477.9531054395804,0.775,5,7385.926,1145.413656715675,Critical Retention
14449,High Risk,0.0,0.98,2,6992.742,0.0,High-Risk Automation
17827,High Risk,1446.6749126779357,0.86,4,7894.19,1244.1404249030247,Emergency Intervention
14713,High Risk,1682.1064507721596,0.9,3,7459.882,1513.8958056949436,Emergency Intervention
17950,High Risk,3.466177333333333,0.995,1,6592.173,3.4488464466666664,High-Risk Automation
16402,High Risk,0.0,0.97,2,6758.626,0.0,High-Risk Automation
13564,High Risk,1367.7781402665364,0.86,2,7610.949,1176.2892006292213,Emergency Intervention
17126,High Risk,0.7141909264705883,0.975,2,6669.168,0.6963361533088236,High-Risk Automation
17609,High Risk,1363.8466817604235,0.93,1,6909.804,1268.3774140371938,Emergency Intervention
13531,High Risk,0.0,0.99,1,6466.017,0.0,High-Risk Automation
15426,High Risk,61.71706326966663,0.92,3,6956.11,56.7796982080933,High-Risk Automation
12370,High Risk,1582.2817738353074,0.87,2,7349.061,1376.5851432367174,Emergency Intervention
15727,High Risk,1145.8661963004447,0.9,2,7042.56,1031.2795766704003,Emergency Intervention
17449,High Risk,97.81536612955551,0.93,2,6731.724,90.96829050048663,High-Risk Automation
15514,High Risk,1335.9865531547673,0.88,3,7104.715,1175.6681667761952,Emergency Intervention
16016,High Risk,13.284524731666666,0.975,3,6324.959,12.952411613374998,High-Risk Automation
17787,High Risk,2818.9719392580255,0.855,3,7206.402,2410.221008065612,Emergency Intervention
14099,High Risk,936.1531665791706,0.955,2,6443.747,894.0262740831079,Emergency Intervention
17897,High Risk,48.880049105222206,0.965,3,6362.58,47.169247386539425,High-Risk Automation
12472,Medium Risk,1370.0958496586804,0.635,2,8053.135,870.0108645332621,Critical Retention
14506,High Risk,71.12100893499998,0.985,1,6197.858,70.05419380097497,High-Risk Automation
16553,High Risk,0.0,0.935,2,6501.1359999999995,0.0,High-Risk Automation
17017,Medium Risk,2434.651446363685,0.715,5,7080.901,1740.7757841500347,Critical Retention
15044,Medium Risk,1452.4662843220212,0.58,4,8690.377,842.4304449067722,Critical Retention
15296,High Risk,1048.661614857213,0.91,2,6645.296,954.2820695200638,Emergency Intervention
17338,High Risk,1374.780579293197,0.84,3,7185.478,1154.8156866062855,Emergency Intervention
17400,Medium Risk,1701.2171051977753,0.76,1,6610.204999999999,1292.9249999503093,Critical Retention
15012,High Risk,0.0,0.975,2,6116.919,0.0,High-Risk Automation
13838,High Risk,8.896151476470589,0.925,2,6423.412,8.228940115735295,High-Risk Automation
17954,High Risk,1955.6880966971617,0.895,3,6636.4310000000005,1750.3408465439597,Emergency Intervention
15532,High Risk,0.0,0.99,2,5968.879,0.0,High-Risk Automation
17975,Medium Risk,1958.3313954483726,0.49,3,10040.163,959.5823837697026,Critical Retention
15983,High Risk,18.963843695222224,0.94,4,6248.026,17.82601307350889,High-Risk Automation
12577,High Risk,0.0,0.95,1,6149.347,0.0,High-Risk Automation
17908,High Risk,0.0,0.99,1,5850.938,0.0,High-Risk Automation
12921,Medium Risk,1646.9824218871313,0.79,3,6110.142,1301.1161132908337,Critical Retention
14669,High Risk,1135.2803490501399,0.86,2,6692.436,976.3411001831203,Emergency Intervention
17976,High Risk,0.0,1.0,1,5697.88,0.0,High-Risk Automation
17284,High Risk,1312.9931601793842,0.855,2,6642.644,1122.6091519533734,Emergency Intervention
17690,High Risk,1863.0475859936903,0.82,4,6887.053,1527.6990205148259,Emergency Intervention
15460,High Risk,942.1942394666924,0.865,2,6523.096,814.9980171386889,Emergency Intervention
16244,High Risk,0.0,1.0,2,5623.9310000000005,0.0,High-Risk Automation
17231,High Risk,1483.729609359412,0.815,4,6872.468,1209.2396316279207,Emergency Intervention
14723,Medium Risk,1134.404745769563,0.65,2,7175.808,737.363084750216,Critical Retention
17576,High Risk,1079.4502800882965,0.86,5,6462.570000000001,928.327240875935,Emergency Intervention
15194,Low Risk,1984.089743421696,0.28,6,19808.24,555.5451281580749,Loyal Growth
15379,Medium Risk,1069.8377779259072,0.415,6,11065.784,443.98267783925144,Critical Retention
17097,High Risk,1058.3449693284526,0.91,4,5994.62,963.093922088892,Emergency Intervention
17259,High Risk,21.389756574999996,0.905,2,6013.066,19.357729700374996,High-Risk Automation
16395,High Risk,2299.747323826975,0.86,2,6311.772,1977.7826984911985,Emergency Intervention
14081,High Risk,32.43888991499998,0.97,1,5586.7789999999995,31.465723217549982,High-Risk Automation
16241,High Risk,989.1612320872763,0.845,3,6409.402,835.8412411137484,Emergency Intervention
17530,High Risk,0.0,0.975,2,5553.622,0.0,High-Risk Automation
12484,High Risk,1786.4911786090086,0.9,1,6003.228,1607.8420607481078,Emergency Intervention
13013,High Risk,0.0,0.985,1,5475.338,0.0,High-Risk Automation
12838,High Risk,27.547693828555555,0.985,1,5470.965,27.134478421127223,High-Risk Automation
14472,High Risk,1144.8845409384862,0.895,3,5990.835,1024.6716641399453,Emergency Intervention
17085,High Risk,1713.7800182088226,0.87,3,6103.283,1490.9886158416757,Emergency Intervention
13767,Medium Risk,1791.3295627935922,0.735,9,6016.634,1316.6272286532903,Critical Retention
15555,High Risk,1625.6602162452762,0.835,3,6305.889,1357.4262805648054,Emergency Intervention
15867,Medium Risk,1429.860135289523,0.415,5,10545.357,593.391956145152,Critical Retention
15034,High Risk,1021.7404867158762,0.83,2,6231.384,848.0446039741772,Emergency Intervention
13680,High Risk,2479.531644280812,0.815,3,6276.388,2020.8182900888617,Emergency Intervention
16719,High Risk,1163.1883703861124,0.82,4,6175.698,953.8144637166121,Emergency Intervention
16795,High Risk,0.0,0.985,2,5050.697,0.0,High-Risk Automation
16442,High Risk,0.0,0.96,2,5172.7300000000005,0.0,High-Risk Automation
17406,Medium Risk,1282.5235531246067,0.555,4,7446.211,711.8005719841568,Critical Retention
17865,High Risk,0.0,0.98,2,5031.475,0.0,High-Risk Automation
16904,Medium Risk,2457.510397914808,0.655,2,6119.380999999999,1609.6693106341993,Critical Retention
15845,High Risk,1192.2296702411159,0.895,1,5372.27,1067.0455548657987,Emergency Intervention
14544,High Risk,0.0,0.99,1,4847.49,0.0,High-Risk Automation
14030,High Risk,0.0,0.98,2,4884.371,0.0,High-Risk Automation
17358,High Risk,0.0,0.99,2,4829.647,0.0,High-Risk Automation
14657,High Risk,1053.4701796078764,0.89,1,5332.346,937.58845985101,Emergency Intervention
18043,High Risk,0.0,0.98,1,4819.113,0.0,High-Risk Automation
13155,High Risk,2371.955231965157,0.81,3,5749.924,1921.2837378917773,Emergency Intervention
14907,High Risk,0.0,0.985,3,4725.314,0.0,High-Risk Automation
14135,High Risk,1127.7167407927413,0.82,8,5662.949,924.7277274500478,Emergency Intervention
17967,High Risk,0.0,0.955,1,4846.31,0.0,High-Risk Automation
14594,High Risk,0.0,0.99,2,4674.9619999999995,0.0,High-Risk Automation
17722,Medium Risk,2006.0696775174738,0.63,5,6079.236,1263.8238968360085,Critical Retention
15919,High Risk,0.0,0.985,1,4659.148,0.0,High-Risk Automation
17964,High Risk,0.0,0.99,1,4622.375,0.0,High-Risk Automation
17596,High Risk,0.0,0.99,1,4579.542,0.0,High-Risk Automation
16718,High Risk,0.0,0.985,2,4597.902,0.0,High-Risk Automation
14396,High Risk,0.0,0.98,1,4599.376,0.0,High-Risk Automation
15898,High Risk,0.0,0.99,2,4550.006,0.0,High-Risk Automation
17838,High Risk,0.0,0.955,3,4710.567,0.0,High-Risk Automation
14901,High Risk,0.0,0.98,5,4587.422,0.0,High-Risk Automation
16710,High Risk,0.0,0.98,2,4586.588,0.0,High-Risk Automation
12383,Medium Risk,1009.3328909241612,0.7,4,5335.717000000001,706.5330236469129,Critical Retention
14829,High Risk,0.0,0.97,4,4609.055,0.0,High-Risk Automation
15024,High Risk,0.0,0.985,2,4525.17,0.0,High-Risk Automation
15502,High Risk,0.0,0.98,2,4542.688,0.0,High-Risk Automation
17581,Medium Risk,1171.064582658858,0.71,4,5223.435,831.455853687789,Critical Retention
15039,Low Risk,3573.9609185734125,0.215,6,20642.293,768.4015974932837,Loyal Growth
16270,High Risk,0.0,0.975,1,4524.918,0.0,High-Risk Automation
18069,High Risk,979.1664920789507,0.83,1,5240.372,812.708188425529,Emergency Intervention
12725,High Risk,0.0,0.985,2,4411.162,0.0,High-Risk Automation
16889,High Risk,964.7100862688893,0.925,1,4695.746,892.3568297987226,Emergency Intervention
13124,High Risk,0.0,0.965,2,4432.209,0.0,High-Risk Automation
14062,High Risk,1232.785526440585,0.85,4,5029.834,1047.8676974744972,Emergency Intervention
14329,High Risk,1003.1231904313719,0.9,2,4706.768,902.8108713882347,Emergency Intervention
17211,High Risk,30.618108825,0.88,3,4794.202,26.943935766,High-Risk Automation
14769,High Risk,1206.7343889678878,0.87,3,4834.261,1049.8589184020623,Emergency Intervention
16255,High Risk,1087.1972150718468,0.91,2,4615.526,989.3494657153807,Emergency Intervention
12766,High Risk,1006.5209359495977,0.915,3,4552.958,920.966656393882,Emergency Intervention
13764,High Risk,1231.9843289039468,0.955,2,4347.99,1176.5450341032692,Emergency Intervention
14985,High Risk,0.0,0.95,2,4326.401,0.0,High-Risk Automation
12872,High Risk,1137.7820619720178,0.915,2,4474.648,1041.0705867043964,Emergency Intervention
18168,High Risk,0.0,0.995,3,4111.615,0.0,High-Risk Automation
17634,High Risk,897.5562059405629,0.935,1,4364.968,839.2150525544264,Emergency Intervention
17189,High Risk,0.0,1.0,1,4067.266,0.0,High-Risk Automation
15808,Low Risk,3105.2361616007292,0.24,5,16847.966,745.2566787841749,Loyal Growth
16503,High Risk,1127.429308836352,0.865,3,4661.173,975.2263521434445,Emergency Intervention
14032,High Risk,0.0,0.95,5,4230.82,0.0,High-Risk Automation
17999,High Risk,0.0,0.995,1,4016.493,0.0,High-Risk Automation
12585,High Risk,1032.7506876083444,0.9,2,4334.47,929.47561884751,Emergency Intervention
13418,High Risk,0.0,0.975,3,3987.474,0.0,High-Risk Automation
17377,High Risk,0.0,0.945,5,4069.818,0.0,High-Risk Automation
17365,High Risk,1005.644735429041,0.84,1,4560.16,844.7415777603944,Emergency Intervention
16218,High Risk,0.0,1.0,2,3798.411,0.0,High-Risk Automation
13982,High Risk,1184.249974828415,0.885,2,4290.192,1048.061227723147,Emergency Intervention
15856,High Risk,1256.5990380024764,0.85,3,4463.55,1068.109182302105,Emergency Intervention
12839,High Risk,0.0,0.99,3,3828.198,0.0,High-Risk Automation
15723,High Risk,0.0,0.99,1,3755.26,0.0,High-Risk Automation
16805,High Risk,0.0,0.985,1,3745.506,0.0,High-Risk Automation
15615,High Risk,1158.142906040432,0.89,2,4098.817,1030.7471863759845,Emergency Intervention
15301,High Risk,0.0,0.985,1,3700.103,0.0,High-Risk Automation
12647,High Risk,0.0,0.9,4,4041.947,0.0,High-Risk Automation
15545,High Risk,0.0,0.995,1,3652.736,0.0,High-Risk Automation
14142,High Risk,0.0,1.0,1,3627.688,0.0,High-Risk Automation
15708,Medium Risk,1376.1186060619373,0.39,3,7707.72,536.6862563641556,Critical Retention
16907,High Risk,0.0,0.985,1,3661.017,0.0,High-Risk Automation
15503,High Risk,0.0,0.95,1,3786.446,0.0,High-Risk Automation
16727,High Risk,0.0,0.985,1,3650.917,0.0,High-Risk Automation
12867,High Risk,0.0,0.98,2,3661.642,0.0,High-Risk Automation
15271,High Risk,1070.415604674918,0.88,2,4065.487,941.965732113928,Emergency Intervention
14390,High Risk,0.0,1.0,1,3565.959,0.0,High-Risk Automation
16539,High Risk,0.0,1.0,2,3560.3030000000003,0.0,High-Risk Automation
15021,High Risk,0.0,0.92,3,3848.956,0.0,High-Risk Automation
18156,High Risk,0.0,0.98,1,3594.208,0.0,High-Risk Automation
13173,High Risk,0.0,0.995,1,3529.21,0.0,High-Risk Automation
14896,High Risk,0.0,0.995,2,3520.256,0.0,High-Risk Automation
15033,High Risk,1056.948461276613,0.87,1,4016.39,919.5451613106533,Emergency Intervention
16010,High Risk,0.0,0.99,1,3513.574,0.0,High-Risk Automation
16893,High Risk,0.0,0.985,2,3527.812,0.0,High-Risk Automation
16885,High Risk,0.0,0.995,1,3475.336,0.0,High-Risk Automation
15894,High Risk,0.0,0.99,2,3474.466,0.0,High-Risk Automation
14395,High Risk,1233.8777297674308,0.855,2,4015.234,1054.9654589511533,Emergency Intervention
15955,High Risk,0.0,0.99,1,3465.721,0.0,High-Risk Automation
13113,Low Risk,2422.3059501941143,0.21,3,16169.966,508.684249540764,Loyal Growth
16550,High Risk,0.0,0.97,2,3481.828,0.0,High-Risk Automation
17860,High Risk,0.0,0.99,1,3357.519,0.0,High-Risk Automation
16916,High Risk,0.0,0.985,1,3363.413,0.0,High-Risk Automation
16898,High Risk,0.0,0.98,2,3379.236,0.0,High-Risk Automation
15858,High Risk,0.0,0.99,1,3334.027,0.0,High-Risk Automation
13458,High Risk,1195.8468970215959,0.84,5,3926.671,1004.5113934981405,Emergency Intervention
14057,High Risk,0.0,0.985,2,3341.606,0.0,High-Risk Automation
14621,High Risk,0.0,0.99,1,3319.149,0.0,High-Risk Automation
15916,High Risk,1250.0288440410952,0.805,4,4073.306,1006.2732194530818,Emergency Intervention
15601,Low Risk,2172.9839157018014,0.245,3,13207.716,532.3810593469414,Loyal Growth
14684,High Risk,0.0,1.0,1,3224.83,0.0,High-Risk Automation
13370,High Risk,0.0,0.98,3,3280.337,0.0,High-Risk Automation
17346,High Risk,0.0,0.965,3,3317.752,0.0,High-Risk Automation
13162,High Risk,1374.8483190324152,0.9,2,3499.026,1237.3634871291738,Emergency Intervention
13862,High Risk,1265.0054323702686,0.925,2,3402.07,1170.1300249424985,Emergency Intervention
16873,High Risk,0.0,0.965,2,3260.056,0.0,High-Risk Automation
14639,High Risk,0.0,0.985,3,3178.052,0.0,High-Risk Automation
15093,High Risk,1604.1429900489259,0.81,3,3852.56,1299.35582193963,Emergency Intervention
13269,High Risk,0.0,0.995,2,3095.238,0.0,High-Risk Automation
14031,Medium Risk,1301.5713576130952,0.79,5,3244.972,1028.2413725143454,Critical Retention
14256,High Risk,0.0,1.0,1,3070.53,0.0,High-Risk Automation
13385,High Risk,1047.0945547491347,0.93,1,3298.846,973.7979359166953,Emergency Intervention
18004,High Risk,0.0,0.995,2,3079.08,0.0,High-Risk Automation
17064,High Risk,1217.3934123369102,0.9,1,3377.4809999999998,1095.6540711032192,Emergency Intervention
15581,High Risk,0.0,0.99,3,3068.328,0.0,High-Risk Automation
18109,High Risk,1270.049580368555,0.83,6,3638.832,1054.1411517059007,Emergency Intervention
16791,High Risk,1270.141545077481,0.895,1,3347.704,1136.7766828443455,Emergency Intervention
15535,Medium Risk,1280.840900406993,0.7,3,3544.0699999999997,896.588630284895,Critical Retention
14404,High Risk,1238.4757994489628,0.845,2,3519.57,1046.5120505343734,Emergency Intervention
17555,Medium Risk,1047.943609192355,0.66,1,3731.136,691.6427820669544,Critical Retention
16143,High Risk,0.0,0.98,3,3007.847,0.0,High-Risk Automation
12681,Low Risk,1807.4589359033773,0.19,5,15387.494,343.4171978216417,Loyal Growth
16265,High Risk,0.0,0.985,1,2958.967,0.0,High-Risk Automation
14572,Medium Risk,2720.532748784991,0.465,1,5211.736,1265.0477281850208,Critical Retention
13520,High Risk,1379.7728234570643,0.81,2,3561.154,1117.615987000222,Emergency Intervention
15157,High Risk,0.0,0.95,2,3035.453,0.0,High-Risk Automation
13319,Medium Risk,2783.699150250063,0.355,5,6721.141,988.2131983387724,Critical Retention
13455,High Risk,1287.0301714219488,0.88,2,3249.82,1132.586550851315,Emergency Intervention
13782,High Risk,1253.4057716622856,0.895,1,3188.464,1121.7981656377456,Emergency Intervention
12413,High Risk,1482.3529330398178,0.925,2,3073.007,1371.1764630618316,Emergency Intervention
17303,High Risk,0.0,1.0,1,2839.364,0.0,High-Risk Automation
12626,Medium Risk,432.3357050327333,0.58,3,4077.3999999999996,250.7547089189853,Critical Retention
14210,High Risk,1317.840185536918,0.825,2,3426.878,1087.2181530679572,Emergency Intervention
14813,High Risk,0.0,0.995,2,2832.422,0.0,High-Risk Automation
13097,High Risk,1345.8161458589375,0.855,2,3241.612,1150.6728047093916,Emergency Intervention
16081,High Risk,0.0,0.985,1,2788.908,0.0,High-Risk Automation
12415,High Risk,1327.5526616501852,0.915,3,3000.242,1214.7106854099195,Emergency Intervention
18212,Medium Risk,1309.0264374917854,0.79,1,2893.661,1034.1308856185105,Critical Retention
18176,High Risk,0.0,0.98,2,2796.529,0.0,High-Risk Automation
17692,High Risk,0.0,1.0,1,2729.101,0.0,High-Risk Automation
17917,High Risk,0.0,0.98,2,2782.502,0.0,High-Risk Automation
14708,High Risk,0.0,0.995,2,2739.665,0.0,High-Risk Automation
15111,High Risk,0.0,0.975,1,2789.056,0.0,High-Risk Automation
13048,High Risk,2209.868204460377,0.905,1,2998.805,1999.9307250366412,Emergency Intervention
14161,High Risk,0.0,1.0,1,2690.484,0.0,High-Risk Automation
15002,High Risk,1301.9990786457504,0.815,3,3292.718,1061.1292490962865,Emergency Intervention
16670,Medium Risk,1883.5616995100822,0.605,4,3690.131,1139.5548282035998,Critical Retention
14625,High Risk,0.0,0.985,2,2718.528,0.0,High-Risk Automation
17585,High Risk,1124.346332581742,0.835,1,3204.874,938.8291877057545,Emergency Intervention
17618,High Risk,0.0,0.99,1,2682.78,0.0,High-Risk Automation
14961,High Risk,1398.4475612615074,0.835,2,3180.736,1167.7037136533586,Emergency Intervention
18106,High Risk,2558.5714776409645,0.935,1,2831.9719999999998,2392.264331594302,Emergency Intervention
12429,High Risk,0.0,0.99,1,2672.051,0.0,High-Risk Automation
15498,Low Risk,2035.7929784032954,0.25,6,10563.194,508.94824460082384,Loyal Growth
15332,High Risk,0.0,0.99,2,2656.712,0.0,High-Risk Automation
16735,Medium Risk,1151.0412641516275,0.66,2,3320.082,759.6872343400742,Critical Retention
17551,High Risk,0.0,0.945,1,2776.911,0.0,High-Risk Automation
13107,High Risk,1420.264421853237,0.935,2,2804.858,1327.9472344327767,Emergency Intervention
16875,High Risk,1477.2274022576585,0.87,2,2997.7780000000002,1285.1878399641628,Emergency Intervention
12708,Medium Risk,1365.6905418709525,0.74,3,2928.053,1010.6110009845048,Critical Retention
15394,High Risk,0.0,0.995,1,2612.33,0.0,High-Risk Automation
17450,High Risk,1403.5788013404683,0.84,3,3066.012,1179.0061931259934,Emergency Intervention
12490,High Risk,1338.1935179143672,0.88,1,2921.588,1177.6102957646433,Emergency Intervention
16746,High Risk,1578.158091892903,0.84,3,3040.183,1325.6527971900384,Emergency Intervention
14159,High Risk,0.0,0.985,1,2590.724,0.0,High-Risk Automation
15038,High Risk,0.0,1.0,2,2539.988,0.0,High-Risk Automation
13263,Medium Risk,1448.5044625705937,0.785,1,2694.704,1137.0760031179161,Critical Retention
17567,High Risk,0.0,0.97,1,2607.9249999999997,0.0,High-Risk Automation
14577,High Risk,0.0,0.995,1,2536.258,0.0,High-Risk Automation
13448,High Risk,0.0,0.925,3,2715.373,0.0,High-Risk Automation
17708,High Risk,2085.384752609739,0.895,1,2804.879,1866.4193535857162,Emergency Intervention
16470,High Risk,0.0,0.995,1,2520.049,0.0,High-Risk Automation
12621,High Risk,0.0,0.975,3,2557.576,0.0,High-Risk Automation
14078,High Risk,0.0,0.98,1,2541.465,0.0,High-Risk Automation
16743,High Risk,0.0,0.995,1,2490.479,0.0,High-Risk Automation
14082,High Risk,0.0,0.985,1,2504.587,0.0,High-Risk Automation
17920,Low Risk,1176.3021993626767,0.255,3,9641.125,299.9570608374826,Loyal Growth
15288,High Risk,0.0,0.985,1,2492.472,0.0,High-Risk Automation
16059,High Risk,1865.7510762156505,0.88,2,2765.824,1641.8609470697725,Emergency Intervention
14755,High Risk,2628.3176883526858,0.93,1,2616.168,2444.335450167998,Emergency Intervention
15716,High Risk,0.0,0.96,2,2528.87,0.0,High-Risk Automation
15680,High Risk,0.0,1.0,1,2425.939,0.0,High-Risk Automation
14413,High Risk,0.0,1.0,1,2424.086,0.0,High-Risk Automation
13221,High Risk,0.0,0.995,1,2435.522,0.0,High-Risk Automation
15061,Low Risk,1257.5089555688085,0.155,9,15572.481,194.9138881131653,Loyal Growth
17114,High Risk,1516.22494575285,0.9,1,2681.452,1364.6024511775652,Emergency Intervention
16722,High Risk,0.0,0.975,3,2473.221,0.0,High-Risk Automation
12474,Medium Risk,647.8869032041546,0.67,4,2996.6400000000003,434.0842251467836,Critical Retention
16775,High Risk,1540.8337543252703,0.875,2,2745.09,1348.2295350346114,Emergency Intervention
13030,High Risk,0.0,0.99,1,2421.811,0.0,High-Risk Automation
14320,Medium Risk,1544.9468222142127,0.705,3,2814.832,1089.18750966102,Critical Retention
15882,High Risk,0.0,0.99,2,2395.409,0.0,High-Risk Automation
13593,Medium Risk,1361.2442509800394,0.75,2,2630.684,1020.9331882350295,Critical Retention
16134,High Risk,0.0,0.975,3,2409.109,0.0,High-Risk Automation
17069,High Risk,0.0,0.98,3,2394.28,0.0,High-Risk Automation
14653,High Risk,1619.4358568533949,0.93,1,2480.6130000000003,1506.0753468736573,Emergency Intervention
16883,High Risk,0.0,1.0,1,2294.886,0.0,High-Risk Automation
16145,Medium Risk,1750.62275306283,0.795,4,2392.313,1391.74508868495,Critical Retention
17706,High Risk,0.0,0.99,1,2299.498,0.0,High-Risk Automation
15719,Low Risk,993.7175435896227,0.27,2,8372.786,268.3037367691981,Loyal Growth
15165,High Risk,0.0,0.995,1,2270.7490000000003,0.0,High-Risk Automation
14841,High Risk,0.0,0.995,1,2265.337,0.0,High-Risk Automation
16422,Medium Risk,691.4795144731901,0.5,7,3742.038,345.73975723659504,Critical Retention
15605,High Risk,0.0,0.995,1,2255.902,0.0,High-Risk Automation
12583,Medium Risk,1282.27855050829,0.615,2,3024.886,788.6013085625983,Critical Retention
13102,Low Risk,2588.1437515231223,0.315,6,7081.718,815.2652817297835,Loyal Growth
15485,High Risk,1330.0444224719658,0.88,2,2532.82,1170.4390917753299,Emergency Intervention
15923,High Risk,0.0,1.0,1,2215.176,0.0,High-Risk Automation
17961,Low Risk,1531.3323414857252,0.225,6,9799.24,344.5497768342882,Loyal Growth
15789,High Risk,0.0,0.985,1,2218.438,0.0,High-Risk Automation
15046,High Risk,367.0608864170237,0.835,2,2611.574,306.4958401582148,High-Risk Automation
13246,High Risk,1412.132256806106,0.93,2,2338.846,1313.2829988296785,Emergency Intervention
14672,High Risk,1520.6902389152826,0.915,1,2371.1,1391.4315686074838,Emergency Intervention
16303,High Risk,1685.2160349899377,0.905,1,2389.7400000000002,1525.1205116658937,Emergency Intervention
17146,High Risk,0.0,1.0,1,2139.541,0.0,High-Risk Automation
14209,High Risk,1446.1303743274432,0.91,1,2338.644,1315.9786406379733,Emergency Intervention
16560,High Risk,0.0,0.99,1,2149.0,0.0,High-Risk Automation
15950,High Risk,0.0,1.0,1,2125.446,0.0,High-Risk Automation
15544,High Risk,0.0,1.0,1,2118.433,0.0,High-Risk Automation
15860,High Risk,0.0,0.995,1,2125.372,0.0,High-Risk Automation
12841,Low Risk,1183.7931966743718,0.225,4,9383.715,266.35346925173366,Loyal Growth
15628,High Risk,0.0,0.99,1,2121.423,0.0,High-Risk Automation
15673,High Risk,1237.8277495266695,0.915,1,2294.934,1132.6123908169027,Emergency Intervention
17744,High Risk,1617.0518490871048,0.815,5,2567.881,1317.8972570059902,Emergency Intervention
16655,Medium Risk,1361.9399946923854,0.745,1,2340.68,1014.6452960458271,Critical Retention
12393,High Risk,1500.6161458421132,0.945,2,2201.92,1418.082257820797,Emergency Intervention
18229,High Risk,1649.3751655825458,0.84,3,2476.682,1385.4751390893384,Emergency Intervention
17287,High Risk,0.0,1.0,2,2075.88,0.0,High-Risk Automation
16250,High Risk,0.0,0.995,1,2082.246,0.0,High-Risk Automation
18102,High Risk,0.0,0.975,3,2118.603,0.0,High-Risk Automation
13859,High Risk,2167.7602289534275,0.84,2,2445.454,1820.918592320879,Emergency Intervention
14565,High Risk,0.0,1.0,1,2053.702,0.0,High-Risk Automation
17428,Medium Risk,1553.8005818679005,0.725,5,2356.587,1126.5054218542277,Critical Retention
17158,High Risk,0.0,0.995,2,2059.162,0.0,High-Risk Automation
16781,High Risk,0.0,1.0,2,2047.286,0.0,High-Risk Automation
15032,High Risk,0.0,1.0,2,2036.443,0.0,High-Risk Automation
12753,Medium Risk,1525.129641382751,0.715,2,2367.458,1090.4676935886669,Critical Retention
12793,High Risk,1503.4286524979884,0.89,2,2281.904,1338.0515007232098,Emergency Intervention
17611,Low Risk,1685.6211191349046,0.27,2,7520.727,455.11770216642424,Loyal Growth
14696,Medium Risk,1732.0944617564453,0.49,3,3451.759,848.7262862606582,Critical Retention
16316,High Risk,2454.768340132917,0.89,2,2275.342,2184.743822718296,Emergency Intervention
17511,Low Risk,2013.8801856661998,0.205,8,9863.819,412.8454380615709,Loyal Growth
16510,High Risk,0.0,1.0,2,2018.644,0.0,High-Risk Automation
15953,High Risk,1442.371850045542,0.85,2,2373.646,1226.0160725387107,Emergency Intervention
12721,High Risk,0.0,0.99,2,2027.354,0.0,High-Risk Automation
17412,High Risk,0.0,0.98,2,2047.935,0.0,High-Risk Automation
16150,High Risk,1326.8167931793755,0.84,2,2369.524,1114.5261062706754,Emergency Intervention
17732,High Risk,0.0,1.0,1,1983.243,0.0,High-Risk Automation
12501,Low Risk,1135.4215335695962,0.195,2,10169.61,221.40719904607127,Loyal Growth
14321,High Risk,1391.3232612416243,0.89,1,2219.62,1238.2777025050457,Emergency Intervention
13758,Medium Risk,1901.3488880212078,0.735,3,2237.487,1397.4914326955877,Critical Retention
15965,High Risk,0.0,0.99,1,1991.466,0.0,High-Risk Automation
14221,High Risk,1385.6338196625522,0.85,1,2306.722,1177.7887467131693,Emergency Intervention
17251,High Risk,0.0,0.99,1,1975.7540000000001,0.0,High-Risk Automation
12347,Low Risk,1696.2046529939114,0.175,1,11149.756000000001,296.8358142739345,Loyal Growth
17812,High Risk,0.0,0.985,2,1977.694,0.0,High-Risk Automation
17364,High Risk,1430.456779087805,0.895,2,2176.436,1280.2588172835856,Emergency Intervention
14525,Medium Risk,2402.066415717859,0.795,2,2032.4279999999999,1909.6428004956979,Critical Retention
15750,High Risk,0.0,0.99,3,1946.408,0.0,High-Risk Automation
17419,High Risk,1927.7417263511047,0.9,2,2136.583,1734.9675537159942,Emergency Intervention
16583,High Risk,0.0,0.99,1,1936.806,0.0,High-Risk Automation
14825,High Risk,0.0,0.965,3,1982.7320000000002,0.0,High-Risk Automation
17790,High Risk,0.0,0.97,3,1969.142,0.0,High-Risk Automation
17880,High Risk,0.0,0.995,1,1913.426,0.0,High-Risk Automation
13627,High Risk,0.0,0.985,1,1931.318,0.0,High-Risk Automation
18085,High Risk,1419.241450216713,0.83,2,2290.404,1177.9704036798717,Emergency Intervention
13656,High Risk,2315.4058035977287,0.88,1,2157.278,2037.5571071660013,Emergency Intervention
13178,High Risk,0.0,0.995,1,1904.748,0.0,High-Risk Automation
16567,High Risk,1609.4922617679083,0.86,1,2176.536,1384.1633451204011,Emergency Intervention
18074,High Risk,0.0,1.0,1,1871.751,0.0,High-Risk Automation
17179,High Risk,0.0,1.0,1,1870.446,0.0,High-Risk Automation
12651,High Risk,2259.737185222115,0.825,1,2267.1040000000003,1864.2831778082448,Emergency Intervention
17235,High Risk,0.0,1.0,1,1866.4679999999998,0.0,High-Risk Automation
17402,High Risk,1404.9746304990317,0.82,3,2253.79,1152.079197009206,Emergency Intervention
16499,High Risk,0.0,0.9,5,2051.686,0.0,High-Risk Automation
14916,High Risk,1517.4034474443788,0.89,1,2071.8959999999997,1350.4890682254972,Emergency Intervention
16812,High Risk,0.0,0.99,1,1851.584,0.0,High-Risk Automation
16782,Low Risk,1990.9336857113854,0.23,4,7933.764,457.9147477136186,Loyal Growth
17320,High Risk,0.0,0.995,1,1829.922,0.0,High-Risk Automation
17504,High Risk,1539.3530394209988,0.8,1,2272.3920000000003,1231.4824315367991,Emergency Intervention
17519,High Risk,0.0,1.0,2,1814.3029999999999,0.0,High-Risk Automation
17816,High Risk,0.0,1.0,1,1807.1879999999999,0.0,High-Risk Automation
13495,High Risk,0.0,0.99,3,1812.931,0.0,High-Risk Automation
15279,High Risk,0.0,0.995,2,1799.597,0.0,High-Risk Automation
14527,Low Risk,2073.5852138558616,0.135,9,13262.128,279.93400387054135,Loyal Growth
16923,Low Risk,962.9814914112146,0.25,3,7133.948,240.74537285280365,Loyal Growth
16003,High Risk,0.0,1.0,1,1779.95,0.0,High-Risk Automation
17905,High Risk,0.0,0.995,2,1786.047,0.0,High-Risk Automation
15646,High Risk,0.0,1.0,1,1770.486,0.0,High-Risk Automation
18065,High Risk,0.0,0.985,3,1794.654,0.0,High-Risk Automation
15454,High Risk,0.0,1.0,1,1761.988,0.0,High-Risk Automation
18119,High Risk,0.0,0.995,2,1769.77,0.0,High-Risk Automation
15780,High Risk,0.0,0.995,1,1765.133,0.0,High-Risk Automation
12738,High Risk,0.0,1.0,1,1748.9679999999998,0.0,High-Risk Automation
18011,High Risk,0.0,0.99,1,1764.747,0.0,High-Risk Automation
13008,Medium Risk,2290.1770805523756,0.675,2,2151.253,1545.8695293728535,Critical Retention
15298,High Risk,1520.9035911488036,0.81,4,2150.201,1231.931908830531,Emergency Intervention
16455,High Risk,0.0,0.99,2,1758.654,0.0,High-Risk Automation
13569,High Risk,0.0,0.99,1,1750.666,0.0,High-Risk Automation
17771,High Risk,1496.8361227302867,0.915,1,1894.1239999999998,1369.6050522982123,Emergency Intervention
16817,High Risk,0.0,0.965,3,1786.761,0.0,High-Risk Automation
12356,High Risk,1443.5270433298438,0.92,1,1873.212,1328.0448798634563,Emergency Intervention
16252,High Risk,0.0,1.0,2,1718.193,0.0,High-Risk Automation
14388,High Risk,0.0,0.99,2,1731.423,0.0,High-Risk Automation
15260,High Risk,0.0,1.0,1,1706.081,0.0,High-Risk Automation
13369,High Risk,0.0,0.995,2,1712.006,0.0,High-Risk Automation
12705,High Risk,0.0,0.985,1,1725.097,0.0,High-Risk Automation
14733,Low Risk,1247.7144697629485,0.155,6,10956.3,193.39574281325702,Loyal Growth
14779,Low Risk,953.0826875343961,0.235,1,7203.423,223.97443157058308,Loyal Growth
13523,High Risk,0.0,0.99,1,1708.634,0.0,High-Risk Automation
14156,Medium Risk,2107.9324300218836,0.505,5,2784.319,1064.5058771610513,Critical Retention
13183,High Risk,1634.1622138126547,0.885,1,1904.364,1446.2335592241996,Emergency Intervention
15752,High Risk,0.0,0.985,1,1689.801,0.0,High-Risk Automation
14487,High Risk,0.0,0.985,2,1689.688,0.0,High-Risk Automation
15805,High Risk,0.0,0.97,1,1712.45,0.0,High-Risk Automation
13798,Low Risk,1211.3824752127482,0.255,6,6499.804,308.9025311792508,Loyal Growth
13021,High Risk,0.0,0.995,2,1664.918,0.0,High-Risk Automation
17811,Low Risk,844.2956835505871,0.23,3,7183.9220000000005,194.18800721663504,Loyal Growth
16546,High Risk,0.0,1.0,2,1648.804,0.0,High-Risk Automation
14016,High Risk,0.0,0.985,1,1670.773,0.0,High-Risk Automation
13756,High Risk,0.0,1.0,3,1645.613,0.0,High-Risk Automation
17988,Medium Risk,2521.7237807935853,0.785,2,1742.061,1979.5531679229646,Critical Retention
15326,High Risk,2401.6928579003325,0.93,1,1755.708,2233.5743578473093,Emergency Intervention
15048,High Risk,0.0,0.99,1,1640.6039999999998,0.0,High-Risk Automation
14344,High Risk,0.0,0.995,3,1631.73,0.0,High-Risk Automation
14270,High Risk,1614.7293316623109,0.88,1,1842.18,1420.9618118628337,Emergency Intervention
15384,High Risk,0.0,0.99,2,1627.168,0.0,High-Risk Automation
16725,Low Risk,1288.9978365027762,0.22,3,7267.696,283.57952403061074,Loyal Growth
12967,High Risk,0.0,0.985,3,1622.423,0.0,High-Risk Automation
16206,High Risk,1435.9747118059977,0.945,1,1689.272,1356.9961026566677,Emergency Intervention
14673,High Risk,0.0,0.99,1,1600.645,0.0,High-Risk Automation
12682,Low Risk,1393.7527900714808,0.195,3,8118.308,271.7817940639388,Loyal Growth
15358,Low Risk,1342.0890019610438,0.245,4,6443.808,328.81180548045575,Loyal Growth
15262,High Risk,1410.7847873029987,0.95,1,1660.463,1340.2455479378486,Emergency Intervention
13451,High Risk,1596.352098113173,0.86,1,1831.748,1372.8628043773288,Emergency Intervention
17569,High Risk,1617.309115955659,0.85,2,1848.122,1374.7127485623103,Emergency Intervention
14205,High Risk,0.0,1.0,1,1569.187,0.0,High-Risk Automation
17659,High Risk,0.0,0.99,2,1581.107,0.0,High-Risk Automation
16125,High Risk,0.0,0.99,1,1567.275,0.0,High-Risk Automation
13408,Low Risk,1587.4375296918101,0.325,8,4774.157999999999,515.9171971498383,Loyal Growth
14419,High Risk,0.0,0.985,2,1574.673,0.0,High-Risk Automation
17855,High Risk,0.0,0.99,1,1565.8999999999999,0.0,High-Risk Automation
13138,High Risk,0.0,1.0,2,1546.643,0.0,High-Risk Automation
15392,High Risk,0.0,1.0,3,1546.411,0.0,High-Risk Automation
13077,High Risk,0.0,0.995,1,1547.583,0.0,High-Risk Automation
13240,High Risk,0.0,1.0,1,1526.181,0.0,High-Risk Automation
12551,High Risk,0.0,0.99,1,1539.74,0.0,High-Risk Automation
14741,High Risk,0.0,0.995,2,1531.487,0.0,High-Risk Automation
16203,High Risk,1539.9267196927235,0.925,2,1646.628,1424.4322157157694,Emergency Intervention
14775,High Risk,0.0,1.0,1,1518.693,0.0,High-Risk Automation
18097,High Risk,0.0,0.985,2,1535.045,0.0,High-Risk Automation
18179,High Risk,1665.912027713661,0.86,2,1754.55,1432.6843438337485,Emergency Intervention
12441,High Risk,0.0,1.0,2,1506.146,0.0,High-Risk Automation
16367,High Risk,0.0,0.995,1,1498.8020000000001,0.0,High-Risk Automation
17194,High Risk,0.0,0.99,2,1502.038,0.0,High-Risk Automation
13065,High Risk,0.0,1.0,2,1482.906,0.0,High-Risk Automation
14037,High Risk,0.0,0.99,1,1486.6760000000002,0.0,High-Risk Automation
18198,Medium Risk,301.9480286478837,0.765,1,1603.018,230.99024191563103,Targeted Campaign
18092,Medium Risk,1481.7612761175617,0.735,4,1667.289,1089.0945379464079,Critical Retention
17315,Low Risk,1564.380175467963,0.255,6,5765.738,398.9169447443306,Loyal Growth
13496,High Risk,0.0,0.995,2,1463.69,0.0,High-Risk Automation
13402,High Risk,0.0,0.995,1,1459.041,0.0,High-Risk Automation
16048,High Risk,0.0,1.0,1,1450.987,0.0,High-Risk Automation
12747,High Risk,1631.5261035821657,0.84,3,1726.158,1370.481927009019,Emergency Intervention
16549,High Risk,1547.9550070370806,0.875,1,1640.256,1354.4606311574455,Emergency Intervention
12480,High Risk,1497.513374604966,0.945,1,1516.256,1415.1501390016929,Emergency Intervention
12527,High Risk,1369.1823728585844,0.89,1,1592.47,1218.5723118441401,Emergency Intervention
15456,High Risk,0.0,1.0,1,1409.462,0.0,High-Risk Automation
14898,High Risk,1514.4912805265985,0.875,4,1606.601,1325.1798704607736,Emergency Intervention
12673,High Risk,1682.3177405986464,0.835,1,1683.277,1404.7353133998697,Emergency Intervention
16556,High Risk,0.0,0.99,1,1418.372,0.0,High-Risk Automation
15563,High Risk,0.0,1.0,1,1403.298,0.0,High-Risk Automation
16779,Medium Risk,690.8195444838502,0.37,5,3153.995,255.60323145902458,Critical Retention
17135,High Risk,0.0,0.995,1,1405.245,0.0,High-Risk Automation
12395,Medium Risk,1640.0215132851934,0.745,3,1561.008,1221.816027397469,Critical Retention
17819,High Risk,0.0,0.995,2,1401.3700000000001,0.0,High-Risk Automation
16945,High Risk,0.0,0.995,1,1393.81,0.0,High-Risk Automation
17682,High Risk,0.0,0.995,1,1389.243,0.0,High-Risk Automation
14702,Low Risk,1377.9826499737628,0.215,3,6406.927,296.266269744359,Loyal Growth
14355,High Risk,0.0,1.0,1,1361.875,0.0,High-Risk Automation
14587,Low Risk,840.2215962709129,0.22,1,6176.77,184.84875117960084,Loyal Growth
12515,High Risk,0.0,1.0,1,1357.429,0.0,High-Risk Automation
12427,High Risk,0.0,0.985,2,1377.016,0.0,High-Risk Automation
14533,High Risk,0.0,1.0,1,1354.998,0.0,High-Risk Automation
14748,High Risk,1425.7813832773995,0.815,2,1660.008,1162.0118273710805,Emergency Intervention
14298,Low Risk,1722.5955032215418,0.115,6,11738.449,198.0984828704773,Loyal Growth
16843,High Risk,1519.1264440049492,0.845,2,1588.0819999999999,1283.661845184182,Emergency Intervention
13846,High Risk,0.0,0.995,1,1347.781,0.0,High-Risk Automation
15005,Low Risk,1386.4613140001386,0.165,5,8119.934,228.76611681002288,Loyal Growth
16393,High Risk,0.0,0.945,4,1415.41,0.0,High-Risk Automation
15620,High Risk,0.0,0.995,1,1339.38,0.0,High-Risk Automation
18055,Low Risk,1331.6669365415719,0.17,4,7830.08,226.38337921206724,Loyal Growth
14146,Low Risk,1858.7233739439462,0.225,1,5889.268,418.2127591373879,Loyal Growth
12530,High Risk,1620.98828990552,0.93,1,1418.24,1507.519109612134,Emergency Intervention
16477,Medium Risk,1380.9844571062881,0.48,2,2272.901,662.8725394110182,Critical Retention
13705,High Risk,0.0,1.0,1,1298.229,0.0,High-Risk Automation
13255,High Risk,0.0,1.0,1,1296.346,0.0,High-Risk Automation
15938,High Risk,1265.2794837463643,0.965,1,1340.58,1220.9947018152416,Emergency Intervention
17676,High Risk,0.0,0.99,1,1304.244,0.0,High-Risk Automation
15641,High Risk,0.0,0.985,1,1298.337,0.0,High-Risk Automation
17470,High Risk,0.0,0.995,1,1284.566,0.0,High-Risk Automation
14085,Low Risk,1221.865298762523,0.135,5,9442.9,164.9518153329406,Loyal Growth
12510,High Risk,1364.0066566652995,0.925,1,1368.931,1261.706157415402,Emergency Intervention
15811,High Risk,0.0,1.0,2,1262.874,0.0,High-Risk Automation
17243,Low Risk,1185.633498693075,0.265,4,4753.737,314.1928771536649,Loyal Growth
17430,High Risk,0.0,1.0,1,1259.5,0.0,High-Risk Automation
16833,High Risk,2234.489364594989,0.89,1,1413.736,1988.6955344895405,Emergency Intervention
15366,High Risk,0.0,1.0,1,1257.662,0.0,High-Risk Automation
17238,Low Risk,1335.013649021447,0.18,2,6967.026,240.30245682386044,Loyal Growth
14167,Medium Risk,1475.7873373507007,0.745,1,1396.07,1099.461566326272,Critical Retention
12652,Medium Risk,1325.3855927660072,0.365,2,2843.054,483.7657413595926,Critical Retention
16850,High Risk,1567.7321473647514,0.81,1,1537.26,1269.8630393654487,Emergency Intervention
13317,High Risk,0.0,0.995,1,1245.7269999999999,0.0,High-Risk Automation
13233,High Risk,1502.3306523628119,0.945,2,1308.938,1419.702466482857,Emergency Intervention
15211,High Risk,0.0,1.0,1,1235.538,0.0,High-Risk Automation
17849,High Risk,1670.279439183628,0.93,1,1314.084,1553.359878440774,Emergency Intervention
17007,High Risk,0.0,0.99,2,1233.46,0.0,High-Risk Automation
13093,Low Risk,1358.9157618785052,0.17,5,7179.143,231.0156795193459,Loyal Growth
17288,High Risk,1925.8454591418922,0.88,2,1382.14,1694.744004044865,Emergency Intervention
17873,High Risk,0.0,1.0,1,1213.523,0.0,High-Risk Automation
13700,High Risk,1608.1347735039824,0.915,2,1325.199,1471.4433177561439,Emergency Intervention
13488,Low Risk,1287.844767609983,0.155,4,7800.618,199.61593897954734,Loyal Growth
13187,High Risk,2432.651979310847,0.89,1,1356.782,2165.0602615866537,Emergency Intervention
16931,Low Risk,1181.3305819456111,0.175,3,6872.727,206.73285184048194,Loyal Growth
16525,Medium Risk,577.544001218375,0.655,3,1527.786,378.29132079803566,Critical Retention
12553,Medium Risk,405.4003294951733,0.585,2,1709.036,237.15919275467638,Critical Retention
13089,Low Risk,2981.246436826648,0.085,13,14075.986,253.40594713026508,Loyal Growth
17371,High Risk,0.0,1.0,1,1195.63,0.0,High-Risk Automation
14428,High Risk,1598.9847786124824,0.93,1,1282.4660000000001,1487.0558441096086,Emergency Intervention
12471,Low Risk,1635.35479155831,0.105,9,11299.876,171.71225311362252,Loyal Growth
16863,High Risk,0.0,1.0,2,1186.209,0.0,High-Risk Automation
14643,High Risk,0.0,0.965,2,1224.57,0.0,High-Risk Automation
12915,High Risk,0.0,1.0,1,1175.122,0.0,High-Risk Automation
16701,High Risk,1682.3905529680092,0.84,3,1398.29,1413.2080644931277,Emergency Intervention
16153,High Risk,0.0,1.0,1,1162.68,0.0,High-Risk Automation
12957,High Risk,2106.7314583199045,0.92,2,1263.038,1938.1929416543123,Emergency Intervention
14514,Medium Risk,1536.6382224164254,0.765,1,1264.762,1175.5282401485654,Critical Retention
14051,Medium Risk,459.370828620227,0.395,3,2446.732,181.45147730498965,Critical Retention
12877,High Risk,1643.1680238403371,0.9,2,1286.118,1478.8512214563034,Emergency Intervention
13611,High Risk,0.0,1.0,1,1155.909,0.0,High-Risk Automation
17343,High Risk,0.0,0.985,1,1173.086,0.0,High-Risk Automation
13126,Medium Risk,1499.0021932242846,0.415,3,2306.513,622.0859101880781,Critical Retention
18283,Medium Risk,1628.4081252193728,0.42,1,2278.959,683.9314125921366,Critical Retention
17552,High Risk,0.0,0.99,1,1156.659,0.0,High-Risk Automation
14001,High Risk,0.0,1.0,1,1142.453,0.0,High-Risk Automation
14107,High Risk,0.0,0.965,2,1180.933,0.0,High-Risk Automation
18219,High Risk,0.0,0.99,2,1144.9959999999999,0.0,High-Risk Automation
17025,High Risk,0.0,1.0,2,1133.499,0.0,High-Risk Automation
12567,Low Risk,1004.0350817871561,0.185,2,6125.3,185.74649013062387,Loyal Growth
16221,High Risk,0.0,0.995,1,1136.887,0.0,High-Risk Automation
18223,Low Risk,1858.4987705205515,0.27,4,4185.294,501.7946680405489,Loyal Growth
18171,High Risk,1577.9133371780463,0.855,1,1307.66,1349.1159032872295,Emergency Intervention
16618,Low Risk,1105.0908068551114,0.265,1,4202.215,292.84906381660454,Loyal Growth
17742,High Risk,1565.6630509949284,0.89,1,1248.9080000000001,1393.4401153854863,Emergency Intervention
13880,High Risk,0.0,1.0,1,1110.78,0.0,High-Risk Automation
13807,High Risk,0.0,1.0,1,1108.886,0.0,High-Risk Automation
17913,High Risk,0.0,0.99,1,1113.86,0.0,High-Risk Automation
15363,High Risk,0.0,1.0,1,1100.159,0.0,High-Risk Automation
13199,Medium Risk,421.342713635768,0.51,5,1794.446,214.8847839542417,Critical Retention
14770,High Risk,1411.1447566363177,0.91,2,1206.454,1284.1417285390492,Emergency Intervention
16955,High Risk,1791.7497022659754,0.83,4,1321.742,1487.1522528807595,Emergency Intervention
15713,High Risk,0.0,1.0,2,1096.463,0.0,High-Risk Automation
16634,High Risk,0.0,1.0,1,1095.049,0.0,High-Risk Automation
12944,High Risk,0.0,0.98,2,1117.0,0.0,High-Risk Automation
18061,High Risk,1584.138666477523,0.885,2,1229.181,1401.962719832608,Emergency Intervention
16140,High Risk,0.0,0.995,1,1088.902,0.0,High-Risk Automation
15689,High Risk,0.0,0.995,1,1081.452,0.0,High-Risk Automation
17324,Medium Risk,2348.6701597182237,0.605,2,1470.233,1420.9454466295253,Critical Retention
13842,Low Risk,709.3625561307439,0.17,2,6261.973,120.59163454222647,Loyal Growth
14796,Low Risk,1463.1597805400254,0.16,4,6637.406,234.10556488640407,Loyal Growth
12539,Low Risk,1679.105866845555,0.175,2,6056.298,293.8435266979721,Loyal Growth
12483,High Risk,0.0,1.0,1,1057.781,0.0,High-Risk Automation
17076,High Risk,0.0,0.99,1,1064.641,0.0,High-Risk Automation
14114,High Risk,1574.259255837601,0.91,1,1154.552,1432.575922812217,Emergency Intervention
12980,High Risk,1242.199149176274,0.83,3,1261.44,1031.0252938163073,Emergency Intervention
17937,High Risk,0.0,0.975,3,1072.652,0.0,High-Risk Automation
15192,High Risk,0.0,1.0,1,1043.679,0.0,High-Risk Automation
14282,High Risk,0.0,1.0,1,1041.526,0.0,High-Risk Automation
13959,High Risk,0.0,0.995,1,1044.108,0.0,High-Risk Automation
17418,High Risk,1487.8616305102755,0.955,1,1087.647,1420.9078571373132,Emergency Intervention
15353,High Risk,0.0,1.0,1,1037.769,0.0,High-Risk Automation
18226,Medium Risk,1594.019946236381,0.725,2,1188.612,1155.6644610213762,Critical Retention
14258,High Risk,1526.7617516740488,0.805,1,1283.696,1229.0432100976093,Emergency Intervention
14810,Low Risk,545.3240508120379,0.195,2,5256.208,106.33818990834739,Loyal Growth
17454,High Risk,0.0,1.0,1,1024.443,0.0,High-Risk Automation
17091,Low Risk,484.67493503838625,0.28,2,3657.865,135.70898181074816,Loyal Growth
17368,Medium Risk,412.84146540382244,0.52,2,1641.349,214.67756200998767,Critical Retention
13874,High Risk,0.0,0.99,1,1031.031,0.0,High-Risk Automation
16905,High Risk,0.0,1.0,1,1018.332,0.0,High-Risk Automation
14524,High Risk,0.0,1.0,1,1017.846,0.0,High-Risk Automation
14878,High Risk,0.0,0.99,1,1015.102,0.0,High-Risk Automation
12637,Low Risk,406.2536834968161,0.23,1,4363.406,93.43834720426771,Loyal Growth
12686,High Risk,0.0,1.0,1,1003.466,0.0,High-Risk Automation
13634,Medium Risk,1401.2362570223652,0.735,1,1136.527,1029.9086489114384,Critical Retention
16665,High Risk,0.0,1.0,1,1001.928,0.0,High-Risk Automation
15996,High Risk,0.0,0.99,2,1007.576,0.0,High-Risk Automation
17629,High Risk,1652.7718036963893,0.83,2,1198.354,1371.800597068003,Emergency Intervention
12763,High Risk,0.0,0.995,2,997.1659999999999,0.0,High-Risk Automation
15822,High Risk,0.0,1.0,1,990.635,0.0,High-Risk Automation
14913,High Risk,0.0,0.995,1,995.092,0.0,High-Risk Automation
15028,High Risk,0.0,1.0,1,984.443,0.0,High-Risk Automation
17646,High Risk,0.0,0.995,1,989.243,0.0,High-Risk Automation
15799,High Risk,1577.0600267660898,0.92,1,1069.666,1450.8952246248027,Emergency Intervention
17990,High Risk,0.0,0.995,2,987.2370000000001,0.0,High-Risk Automation
14293,High Risk,0.0,0.99,1,980.371,0.0,High-Risk Automation
12963,High Risk,0.0,0.99,2,980.23,0.0,High-Risk Automation
17456,High Risk,0.0,0.99,1,975.571,0.0,High-Risk Automation
16752,High Risk,0.0,1.0,1,963.453,0.0,High-Risk Automation
13941,High Risk,0.0,1.0,2,959.837,0.0,High-Risk Automation
16411,High Risk,0.0,0.995,1,963.9100000000001,0.0,High-Risk Automation
14220,High Risk,0.0,0.99,1,965.736,0.0,High-Risk Automation
13497,High Risk,0.0,0.995,1,959.989,0.0,High-Risk Automation
17757,Low Risk,1786.1603929783837,0.115,6,8285.995,205.40844519251414,Loyal Growth
15281,Low Risk,989.1561250949125,0.28,1,3377.698,276.9637150265755,Loyal Growth
16658,High Risk,0.0,1.0,1,944.073,0.0,High-Risk Automation
16385,High Risk,0.0,0.985,2,957.148,0.0,High-Risk Automation
17696,Medium Risk,1647.3293971709309,0.64,2,1225.762,1054.2908141893959,Critical Retention
14871,High Risk,0.0,1.0,1,935.846,0.0,High-Risk Automation
17862,High Risk,1511.0826661277442,0.995,1,937.008,1503.5272527971056,Emergency Intervention
16037,High Risk,0.0,0.995,1,930.708,0.0,High-Risk Automation
13082,Medium Risk,2162.915650307335,0.755,1,1019.39,1633.001315982038,Critical Retention
14242,High Risk,1331.5114156785628,0.995,1,921.34,1324.85385860017,Emergency Intervention
17760,High Risk,0.0,1.0,1,912.4669999999999,0.0,High-Risk Automation
16600,High Risk,0.0,0.98,1,930.3160000000001,0.0,High-Risk Automation
16912,High Risk,1613.8684550123085,0.955,1,949.906,1541.2443745367545,Emergency Intervention
13000,High Risk,0.0,0.99,1,909.121,0.0,High-Risk Automation
16098,High Risk,0.0,0.995,1,896.869,0.0,High-Risk Automation
17593,High Risk,0.0,0.995,1,896.085,0.0,High-Risk Automation
13565,High Risk,1706.0778258036994,0.92,1,968.822,1569.5915997394036,Emergency Intervention
17884,Low Risk,1478.5143168262055,0.155,3,5746.442,229.16971910806186,Loyal Growth
16112,Medium Risk,1610.417473821916,0.79,2,936.1,1272.2298043193136,Critical Retention
13426,High Risk,1543.4006638131164,0.82,2,1079.857,1265.5885443267553,Emergency Intervention
17128,High Risk,2131.8373367921145,0.885,1,998.372,1886.6760430610213,Emergency Intervention
17951,High Risk,0.0,0.985,3,895.429,0.0,High-Risk Automation
17802,High Risk,0.0,0.995,1,884.308,0.0,High-Risk Automation
12947,Low Risk,443.17175614075063,0.18,4,4884.1990000000005,79.7709161053351,Loyal Growth
16327,Low Risk,1301.0302137028305,0.16,2,5470.926,208.16483419245287,Loyal Growth
12422,High Risk,2640.109008784201,0.955,2,916.582,2521.3041033889117,Emergency Intervention
13090,Medium Risk,1681.5710971306992,0.535,5,1358.4099999999999,899.6405369649241,Critical Retention
15831,High Risk,1483.6154691843178,0.865,2,1001.331,1283.3273808444349,Emergency Intervention
12855,High Risk,0.0,0.995,1,869.905,0.0,High-Risk Automation
14553,High Risk,0.0,0.98,1,881.634,0.0,High-Risk Automation
14237,High Risk,0.0,0.995,1,867.001,0.0,High-Risk Automation
13327,High Risk,0.0,1.0,1,858.997,0.0,High-Risk Automation
17591,Low Risk,2287.2180111820594,0.185,2,4631.294,423.135332068681,Loyal Growth
12540,Low Risk,464.60122005596264,0.305,3,2803.38,141.7033721170686,Loyal Growth
15235,Low Risk,2148.4135472124235,0.18,4,4733.765,386.71443849823623,Loyal Growth
18044,High Risk,0.0,0.995,1,854.98,0.0,High-Risk Automation
13165,High Risk,0.0,1.0,1,841.365,0.0,High-Risk Automation
16202,High Risk,0.0,0.995,1,841.2080000000001,0.0,High-Risk Automation
15395,High Risk,1666.223925682588,0.975,1,855.67,1624.5683275405233,Emergency Intervention
12942,High Risk,0.0,0.995,1,836.185,0.0,High-Risk Automation
15769,High Risk,1388.3384642075494,0.86,3,962.502,1193.9710792184924,Emergency Intervention
13769,Low Risk,1300.8584375890478,0.25,3,3310.959,325.21460939726194,Loyal Growth
14299,Low Risk,578.0786464038763,0.305,7,2698.962,176.31398715318227,Loyal Growth
12489,High Risk,1736.5446760860214,0.95,1,866.2339999999999,1649.7174422817202,Emergency Intervention
13599,Medium Risk,2008.1843174264068,0.375,5,1827.565,753.0691190349025,Critical Retention
16676,High Risk,1721.1066122028924,0.88,1,928.744,1514.5738187385452,Emergency Intervention
12785,High Risk,0.0,0.985,1,829.312,0.0,High-Risk Automation
13295,High Risk,0.0,0.995,2,819.726,0.0,High-Risk Automation
17809,High Risk,0.0,0.99,2,823.866,0.0,High-Risk Automation
16186,High Risk,0.0,0.975,1,833.52,0.0,High-Risk Automation
13929,Low Risk,1186.843658073396,0.305,1,2662.4399999999996,361.9873157123858,Loyal Growth
14932,High Risk,0.0,1.0,1,811.554,0.0,High-Risk Automation
18259,High Risk,0.0,1.0,1,811.4799999999999,0.0,High-Risk Automation
15626,High Risk,1707.4946387384293,0.84,1,964.784,1434.2954965402805,Emergency Intervention
16282,High Risk,0.0,0.985,1,818.61,0.0,High-Risk Automation
16726,High Risk,0.0,0.995,1,809.952,0.0,High-Risk Automation
14739,Medium Risk,1506.5530623962516,0.69,3,971.881,1039.5216130534136,Critical Retention
16235,High Risk,1245.9115232694082,0.91,2,884.155,1133.7794861751615,Emergency Intervention
16899,High Risk,0.0,1.0,1,802.3820000000001,0.0,High-Risk Automation
14238,High Risk,1280.7181130539566,0.935,1,853.786,1197.4714357054495,Emergency Intervention
15518,Low Risk,330.3026845517748,0.325,1,2449.33,107.34837247932681,Nurture
12423,High Risk,0.0,0.99,1,802.782,0.0,High-Risk Automation
14189,Low Risk,525.4597587926165,0.18,2,4388.637,94.58275658267097,Loyal Growth
15596,Low Risk,387.35856216656657,0.24,2,3287.401,92.96605491997597,Nurture
14867,High Risk,2399.3849318395783,0.82,2,962.1450000000001,1967.4956441084541,Emergency Intervention
14766,High Risk,0.0,0.99,3,794.47,0.0,High-Risk Automation
16122,High Risk,2043.4501512275858,0.83,2,936.56,1696.063625518896,Emergency Intervention
14976,High Risk,1622.685124593606,0.815,1,951.446,1322.4883765437887,Emergency Intervention
15607,High Risk,1476.7345625209489,0.91,1,851.81,1343.8284518940636,Emergency Intervention
16401,High Risk,1518.8800179090665,0.945,1,811.496,1435.3416169240677,Emergency Intervention
14978,Medium Risk,323.9411654157616,0.565,2,1129.776,183.02675845990527,Targeted Campaign
17869,High Risk,0.0,0.995,1,768.161,0.0,High-Risk Automation
14794,High Risk,1462.6389086131844,0.98,1,770.168,1433.3861304409206,Emergency Intervention
14761,High Risk,1496.4893487374593,0.835,1,902.734,1249.5686061957786,Emergency Intervention
16814,Low Risk,2151.5815594754636,0.14,5,5368.017,301.2214183265649,Loyal Growth
12388,High Risk,1591.0087808511003,0.9,1,832.0,1431.9079027659902,Emergency Intervention
16607,High Risk,0.0,0.98,3,762.5949999999999,0.0,High-Risk Automation
16086,High Risk,0.0,1.0,1,746.0799999999999,0.0,High-Risk Automation
13069,Low Risk,1705.436997256404,0.135,3,5476.202,230.23399462961456,Loyal Growth
14312,Low Risk,309.1354421489183,0.335,1,2197.507,103.56037311988763,Nurture
17894,Low Risk,1706.0642184100925,0.105,4,7009.372,179.1367429330597,Loyal Growth
16654,High Risk,0.0,1.0,1,735.24,0.0,High-Risk Automation
14150,High Risk,0.0,1.0,1,734.283,0.0,High-Risk Automation
15100,High Risk,2114.780586021886,0.83,6,883.784,1755.2678863981653,Emergency Intervention
14448,High Risk,0.0,0.985,1,742.304,0.0,High-Risk Automation
17230,Low Risk,2758.3227735182118,0.195,3,3748.438,537.8729408360513,Loyal Growth
15922,High Risk,0.0,0.995,2,726.732,0.0,High-Risk Automation
15059,Low Risk,1469.220470516572,0.305,1,2364.552,448.11224350755447,Loyal Growth
13304,High Risk,0.0,0.98,1,735.251,0.0,High-Risk Automation
12664,High Risk,1416.0575012169347,0.96,1,746.19,1359.4152011682572,Emergency Intervention
13140,High Risk,0.0,1.0,1,716.328,0.0,High-Risk Automation
16271,High Risk,0.0,0.995,1,716.9590000000001,0.0,High-Risk Automation
13649,High Risk,0.0,0.985,2,721.49,0.0,High-Risk Automation
17372,Low Risk,2539.122430320782,0.125,3,5669.498,317.39030379009773,Loyal Growth
16161,Low Risk,1485.3740739387026,0.095,6,7409.474999999999,141.11053702417675,Loyal Growth
14498,High Risk,0.0,1.0,1,703.352,0.0,High-Risk Automation
12594,High Risk,1500.5201213350986,0.945,1,743.09,1417.9915146616681,Emergency Intervention
17095,High Risk,1572.4155907201834,0.94,2,746.37,1478.0706552769723,Emergency Intervention
13284,Medium Risk,1659.9464221372273,0.705,2,814.662,1170.2622276067452,Critical Retention
18050,High Risk,0.0,0.99,1,694.731,0.0,High-Risk Automation
17392,Low Risk,2747.4402609083977,0.135,1,5064.06,370.9044352226337,Loyal Growth
15373,Low Risk,573.3545359505896,0.3,3,2256.365,172.00636078517687,Loyal Growth
16262,High Risk,0.0,0.99,1,681.0,0.0,High-Risk Automation
12829,Medium Risk,1675.018874334405,0.7,2,802.386,1172.5132120340834,Critical Retention
13869,Low Risk,1391.880754269585,0.15,1,4483.401,208.78211314043773,Loyal Growth
13001,Low Risk,354.69080886007754,0.28,1,2400.035,99.31342648082172,Nurture
16771,Low Risk,818.6911020533751,0.205,1,3272.284,167.83167592094188,Loyal Growth
17041,High Risk,0.0,0.995,1,672.462,0.0,High-Risk Automation
18260,Low Risk,1989.3542119998135,0.265,2,2493.715,527.1788661799507,Loyal Growth
16293,High Risk,0.0,1.0,1,659.875,0.0,High-Risk Automation
15696,Low Risk,350.90081569743234,0.34,2,1939.036,119.306277337127,Nurture
17980,High Risk,0.0,0.98,1,659.66,0.0,High-Risk Automation
18071,High Risk,0.0,0.985,1,655.168,0.0,High-Risk Automation
15587,High Risk,0.0,0.99,1,651.27,0.0,High-Risk Automation
15312,High Risk,0.0,0.94,2,685.525,0.0,High-Risk Automation
14735,Low Risk,392.8266525491883,0.26,2,2472.357,102.13492966278896,Nurture
15346,High Risk,1718.2467438845954,0.905,1,703.3460000000001,1555.0133032155588,Emergency Intervention
12820,High Risk,1402.8929952973535,0.975,1,652.736,1367.8206704149197,Emergency Intervention
15835,High Risk,2334.873244538455,0.925,1,686.042,2159.7577511980708,Emergency Intervention
16062,High Risk,0.0,0.975,1,649.27,0.0,High-Risk Automation
16350,Medium Risk,1449.9748469586284,0.5,2,1052.39,724.9874234793142,Critical Retention
16858,High Risk,0.0,0.995,2,633.489,0.0,High-Risk Automation
15660,High Risk,0.0,1.0,1,622.266,0.0,High-Risk Automation
16233,High Risk,1432.3281035993964,0.89,4,696.1099999999999,1274.7720122034627,Emergency Intervention
13329,High Risk,0.0,0.985,3,628.303,0.0,High-Risk Automation
16551,High Risk,1628.890624122069,0.935,1,658.216,1523.0127335541347,Emergency Intervention
17978,High Risk,0.0,0.995,1,618.463,0.0,High-Risk Automation
17018,High Risk,1255.6259858098074,0.97,1,634.073,1217.9572062355132,Emergency Intervention
13468,Low Risk,3008.7899585457503,0.095,5,6469.344999999999,285.8350460618463,Loyal Growth
17643,High Risk,0.0,0.995,1,616.597,0.0,High-Risk Automation
13078,Low Risk,766.0453941958258,0.165,7,3716.342,126.39749004231126,Loyal Growth
15823,High Risk,1478.0707311938477,0.825,2,742.383,1219.4083532349243,Emergency Intervention
12359,High Risk,1568.9325267729034,0.875,1,690.352,1372.8159609262905,Emergency Intervention
12402,High Risk,1357.8765375517467,0.98,1,613.225,1330.7190068007117,Emergency Intervention
15447,High Risk,1405.259034099947,0.885,1,678.162,1243.654245178453,Emergency Intervention
14215,Low Risk,567.8645445989446,0.225,3,2658.498,127.76952253476253,Loyal Growth
13310,Low Risk,380.1378037697434,0.275,2,2171.765,104.53789603667944,Nurture
17691,High Risk,0.0,0.99,2,593.78,0.0,High-Risk Automation
17420,High Risk,0.0,0.995,1,589.52,0.0,High-Risk Automation
14952,High Risk,0.0,1.0,2,586.552,0.0,High-Risk Automation
16029,Low Risk,553.2055657462753,0.145,7,4038.833,80.21480703320991,Loyal Growth
15180,High Risk,0.0,1.0,1,584.45,0.0,High-Risk Automation
15749,High Risk,2047.9496853199444,0.92,1,633.7,1884.1137104943489,Emergency Intervention
15266,High Risk,1363.9645310799754,0.88,1,662.06,1200.2887873503782,Emergency Intervention
15350,High Risk,0.0,1.0,1,582.2529999999999,0.0,High-Risk Automation
12720,Low Risk,504.04080611939463,0.185,2,3144.072,93.24754913208801,Loyal Growth
14688,Low Risk,3009.704214132765,0.175,4,3318.428,526.6982374732339,Loyal Growth
17526,High Risk,0.0,0.995,2,580.701,0.0,High-Risk Automation
16748,Low Risk,298.6982901960326,0.32,1,1805.592,95.58345286273043,Nurture
16926,High Risk,0.0,0.995,1,579.6560000000001,0.0,High-Risk Automation
17739,High Risk,1680.0476701973562,0.82,2,701.0500000000001,1377.639089561832,Emergency Intervention
17702,High Risk,0.0,0.995,1,577.65,0.0,High-Risk Automation
13969,Low Risk,1425.513499270165,0.3,1,1913.368,427.65404978104954,Loyal Growth
17548,High Risk,0.0,0.99,1,578.583,0.0,High-Risk Automation
17800,High Risk,1752.366319776938,0.86,1,654.384,1507.0350350081667,Emergency Intervention
13397,High Risk,0.0,0.99,1,567.722,0.0,High-Risk Automation
13050,Low Risk,2000.5258161774445,0.085,6,6595.744,170.0446943750828,Loyal Growth
13668,Low Risk,373.0133322397825,0.205,2,2732.346,76.46773310915542,Nurture
13614,High Risk,1457.7403169684846,0.975,1,572.8199999999999,1421.2968090442725,Emergency Intervention
13108,High Risk,0.0,0.99,1,561.89,0.0,High-Risk Automation
13004,Low Risk,375.1700234979872,0.18,2,3083.873,67.53060422963769,Nurture
17213,Low Risk,452.8293693916452,0.235,4,2351.631,106.41490180703661,Loyal Growth
15984,High Risk,1360.6416476306363,0.84,2,657.097,1142.9389840097344,Emergency Intervention
12386,High Risk,1363.6386159472074,0.885,2,618.965,1206.8201751132785,Emergency Intervention
13033,High Risk,0.0,0.99,1,553.006,0.0,High-Risk Automation
15290,High Risk,1799.549010726757,0.875,3,625.315,1574.6053843859122,Emergency Intervention
12601,High Risk,1689.082260800183,0.975,1,560.918,1646.8552042801782,Emergency Intervention
17796,Low Risk,2861.733571484021,0.1,3,5460.964,286.1733571484021,Loyal Growth
12578,Low Risk,2916.70820139007,0.12,3,4549.21,350.00498416680836,Loyal Growth
16083,High Risk,0.0,0.995,1,547.36,0.0,High-Risk Automation
15945,High Risk,0.0,0.995,1,541.61,0.0,High-Risk Automation
14491,High Risk,0.0,0.995,2,538.2230000000001,0.0,High-Risk Automation
16948,High Risk,1461.671255650233,0.965,1,554.815,1410.5127617024748,Emergency Intervention
13253,High Risk,0.0,0.985,1,543.471,0.0,High-Risk Automation
12728,High Risk,1664.3127047318983,0.9,1,593.962,1497.8814342587084,Emergency Intervention
14618,High Risk,1517.0950688483344,0.92,2,580.101,1395.7274633404677,Emergency Intervention
12808,High Risk,0.0,0.995,1,533.635,0.0,High-Risk Automation
13786,High Risk,0.0,1.0,1,530.568,0.0,High-Risk Automation
16458,High Risk,0.0,1.0,1,523.998,0.0,High-Risk Automation
16456,Low Risk,2689.435678587341,0.32,1,1626.0700000000002,860.6194171479492,Loyal Growth
14889,High Risk,1623.849562606501,0.955,1,543.45,1550.7763322892083,Emergency Intervention
13579,High Risk,0.0,0.99,1,520.246,0.0,High-Risk Automation
12724,High Risk,1526.8215467042696,0.99,1,518.328,1511.553331237227,Emergency Intervention
12826,Low Risk,2282.629320470159,0.165,2,3105.812,376.6338378775763,Loyal Growth
16011,Low Risk,382.044821020237,0.1,2,5088.091,38.204482102023704,Nurture
13238,High Risk,0.0,1.0,1,505.48,0.0,High-Risk Automation
15687,Low Risk,403.8950861163726,0.195,1,2587.002,78.75954179269266,Loyal Growth
15070,High Risk,0.0,0.99,1,507.94300000000004,0.0,High-Risk Automation
15174,High Risk,1238.9230490261546,0.97,1,517.7760000000001,1201.75535755537,Emergency Intervention
13313,High Risk,0.0,0.99,1,503.78700000000003,0.0,High-Risk Automation
12377,Low Risk,1406.8786945667503,0.13,1,3832.063,182.89423029367754,Loyal Growth
17857,High Risk,0.0,0.995,2,498.37100000000004,0.0,High-Risk Automation
15081,High Risk,0.0,1.0,1,493.379,0.0,High-Risk Automation
12668,Low Risk,1462.5594793913135,0.26,1,1891.523,380.2654646417415,Loyal Growth
14176,High Risk,1635.8352082061808,0.95,3,514.0930000000001,1554.0434477958718,Emergency Intervention
17048,Medium Risk,1538.83652826451,0.38,1,1068.494,584.7578807405138,Critical Retention
13305,High Risk,0.0,0.995,1,488.04699999999997,0.0,High-Risk Automation
12868,Low Risk,999.7250934625225,0.165,2,2940.843,164.9546404213162,Loyal Growth
14715,High Risk,1659.8501639323506,0.915,1,529.412,1518.762899998101,Emergency Intervention
16552,High Risk,0.0,1.0,1,476.831,0.0,High-Risk Automation
13958,High Risk,0.0,0.99,1,481.47,0.0,High-Risk Automation
15361,High Risk,0.0,0.99,1,480.10400000000004,0.0,High-Risk Automation
12524,Medium Risk,1548.99744515506,0.69,2,572.972,1068.8082371569913,Critical Retention
13652,High Risk,0.0,0.99,1,477.421,0.0,High-Risk Automation
14680,Low Risk,1853.8331272030366,0.12,4,3925.731,222.45997526436437,Loyal Growth
17223,Low Risk,1036.0571762501859,0.07,1,6510.312,72.52400233751302,Loyal Growth
17799,Low Risk,1408.6569040257993,0.155,1,2938.236,218.3418201239989,Loyal Growth
16013,High Risk,1485.2014689531584,0.86,5,525.69,1277.2732632997163,Emergency Intervention
15164,High Risk,0.0,0.985,1,457.493,0.0,High-Risk Automation
16306,High Risk,1415.698359492003,0.895,2,501.147,1267.0500317453427,Emergency Intervention
12523,High Risk,1324.7408248368656,0.93,1,480.434,1232.008967098285,Emergency Intervention
17965,Low Risk,2749.739123511596,0.115,3,3867.516,316.21999920383354,Loyal Growth
13473,Medium Risk,1626.4533678222301,0.615,2,599.72,1000.2688212106715,Critical Retention
17674,High Risk,0.0,0.995,1,442.698,0.0,High-Risk Automation
18190,High Risk,1396.1604781907154,0.92,2,476.922,1284.4676399354582,Emergency Intervention
13534,Low Risk,478.041789147689,0.175,4,2504.304,83.65731310084557,Loyal Growth
17572,High Risk,0.0,0.98,1,445.824,0.0,High-Risk Automation
16042,Medium Risk,1377.6146428655122,0.645,3,562.66,888.5614446482554,Critical Retention
18245,Low Risk,2412.6324617362575,0.12,2,3624.54,289.5158954083509,Loyal Growth
15602,Medium Risk,545.8863994074921,0.625,4,576.137,341.1789996296826,Critical Retention
17525,High Risk,0.0,0.995,1,427.932,0.0,High-Risk Automation
12797,High Risk,0.0,0.985,2,430.56100000000004,0.0,High-Risk Automation
16554,High Risk,1568.9600466598351,0.83,1,508.71000000000004,1302.236838727663,Emergency Intervention
12494,High Risk,0.0,0.945,4,444.46,0.0,High-Risk Automation
17381,Low Risk,508.86153118557195,0.295,3,1422.096,150.11415169974373,Loyal Growth
16365,High Risk,0.0,1.0,2,417.437,0.0,High-Risk Automation
13993,High Risk,2751.1921611285784,0.805,1,518.372,2214.7096897085057,Emergency Intervention
14229,Low Risk,351.5993058289552,0.28,2,1478.44,98.44780563210747,Nurture
15062,High Risk,0.0,0.995,1,412.229,0.0,High-Risk Automation
15606,High Risk,1601.2599873251138,0.925,1,443.009,1481.1654882757302,Emergency Intervention
13225,Medium Risk,2151.802400276297,0.615,2,551.55,1323.3584761699226,Critical Retention
17671,High Risk,0.0,0.995,1,408.855,0.0,High-Risk Automation
15547,Low Risk,1524.4724924380969,0.125,2,3241.588,190.5590615547621,Loyal Growth
15513,Low Risk,540.3193618821757,0.135,4,3000.082,72.94311385409372,Loyal Growth
12662,Low Risk,1010.2224708339811,0.225,1,1794.57,227.30005593764577,Loyal Growth
18239,Low Risk,474.5055102677611,0.11,1,3638.516,52.19560612945372,Loyal Growth
13117,Low Risk,852.553541471112,0.25,2,1578.265,213.138385367778,Loyal Growth
14479,High Risk,0.0,1.0,1,391.62600000000003,0.0,High-Risk Automation
13787,High Risk,0.0,0.995,1,393.414,0.0,High-Risk Automation
13694,Low Risk,2927.500226956954,0.09,6,4332.059,263.47502042612587,Loyal Growth
15078,Low Risk,766.1590113569077,0.105,5,3684.851,80.44669619247532,Loyal Growth
15658,Low Risk,675.2481618034377,0.1,1,3863.236,67.52481618034378,Loyal Growth
17404,Low Risk,485.0839446677351,0.18,3,2127.965,87.31511004019232,Loyal Growth
15107,Low Risk,454.42503177150024,0.23,6,1664.942,104.51775730744507,Loyal Growth
16473,High Risk,1395.630752977841,0.945,1,403.73600000000005,1318.8710615640596,Emergency Intervention
16954,High Risk,0.0,1.0,1,381.233,0.0,High-Risk Automation
13209,High Risk,1531.0772999197256,0.815,3,466.505,1247.8279994345762,Emergency Intervention
13922,High Risk,0.0,1.0,1,379.155,0.0,High-Risk Automation
15854,Low Risk,346.2269238709066,0.255,2,1484.66,88.28786558708119,Nurture
15204,High Risk,0.0,0.995,1,369.746,0.0,High-Risk Automation
15899,High Risk,0.0,0.985,1,373.272,0.0,High-Risk Automation
17204,High Risk,0.0,1.0,1,365.0,0.0,High-Risk Automation
15973,High Risk,0.0,0.975,2,371.118,0.0,High-Risk Automation
17033,High Risk,0.0,1.0,1,360.23900000000003,0.0,High-Risk Automation
15221,High Risk,0.0,1.0,2,360.055,0.0,High-Risk Automation
12431,Low Risk,513.4159424935212,0.115,3,3130.776,59.04283338675494,Loyal Growth
17730,Low Risk,393.10086915704096,0.32,1,1125.105,125.79227813025311,Nurture
16996,High Risk,0.0,0.99,3,362.52299999999997,0.0,High-Risk Automation
15159,Low Risk,2879.465109411815,0.1,2,3569.547,287.9465109411815,Loyal Growth
15160,High Risk,0.0,0.99,1,357.503,0.0,High-Risk Automation
15482,High Risk,0.0,0.995,1,352.359,0.0,High-Risk Automation
15224,High Risk,0.0,0.965,4,362.269,0.0,High-Risk Automation
12928,High Risk,0.0,0.975,1,357.921,0.0,High-Risk Automation
14292,High Risk,1289.494588994542,0.82,1,424.84000000000003,1057.3855629755244,Emergency Intervention
13487,High Risk,0.0,1.0,1,347.339,0.0,High-Risk Automation
13777,Low Risk,3131.1184792581503,0.11,6,3145.343,344.42303271839654,Loyal Growth
14849,Low Risk,539.7830869599313,0.115,3,2983.645,62.075055000392105,Loyal Growth
14201,High Risk,0.0,1.0,1,342.366,0.0,High-Risk Automation
13280,Low Risk,2148.38567759941,0.135,1,2533.706,290.0320664759204,Loyal Growth
15738,Low Risk,552.6286605079397,0.22,3,1551.424,121.57830531174673,Loyal Growth
15732,High Risk,0.0,1.0,1,339.681,0.0,High-Risk Automation
15299,High Risk,0.0,0.985,1,341.99699999999996,0.0,High-Risk Automation
17181,High Risk,0.0,0.99,1,340.01,0.0,High-Risk Automation
14732,High Risk,0.0,1.0,1,335.694,0.0,High-Risk Automation
13027,High Risk,0.0,0.99,1,337.11199999999997,0.0,High-Risk Automation
13898,High Risk,1379.6719059205723,0.925,1,360.685,1276.1965129765294,Emergency Intervention
17820,High Risk,0.0,0.995,1,334.693,0.0,High-Risk Automation
14821,High Risk,0.0,0.995,1,334.3,0.0,High-Risk Automation
15380,High Risk,0.0,1.0,1,330.0,0.0,High-Risk Automation
14040,Low Risk,1239.179566530068,0.2,1,1640.782,247.83591330601362,Loyal Growth
17675,Low Risk,604.780219456936,0.185,4,1761.823,111.88434059953316,Loyal Growth
13831,High Risk,0.0,0.995,1,326.99,0.0,High-Risk Automation
14987,High Risk,0.0,1.0,1,324.84,0.0,High-Risk Automation
15018,High Risk,0.0,1.0,1,319.94,0.0,High-Risk Automation
16351,High Risk,1514.9615407650201,0.91,1,350.11199999999997,1378.6150020961684,Emergency Intervention
15827,Low Risk,434.34275214937935,0.275,2,1151.005,119.44425684107934,Loyal Growth
15664,High Risk,0.0,1.0,1,314.78,0.0,High-Risk Automation
15422,High Risk,1404.6000902575367,0.96,2,326.33299999999997,1348.4160866472353,Emergency Intervention
17227,High Risk,0.0,1.0,1,312.58,0.0,High-Risk Automation
13092,High Risk,0.0,0.995,1,310.289,0.0,High-Risk Automation
15939,Medium Risk,281.8331818886666,0.4,2,629.3720000000001,112.73327275546666,Targeted Campaign
17062,Low Risk,538.1280540348179,0.09,4,3355.036,48.4315248631336,Loyal Growth
17491,High Risk,1394.6914495915619,0.905,2,332.826,1262.1957618803635,Emergency Intervention
12605,High Risk,0.0,1.0,1,301.19,0.0,High-Risk Automation
17496,High Risk,0.0,1.0,1,299.466,0.0,High-Risk Automation
14206,High Risk,0.0,0.97,1,304.0,0.0,High-Risk Automation
12782,Low Risk,431.7639822028968,0.175,2,1681.62,75.55869688550693,Loyal Growth
12971,Low Risk,577.0211331113544,0.09,12,3269.151,51.93190198002189,Loyal Growth
16770,Low Risk,1400.3323142376425,0.125,2,2350.992,175.04153927970532,Loyal Growth
14828,High Risk,1206.9166732375227,0.955,1,305.84,1152.6054229418341,Emergency Intervention
15246,High Risk,0.0,0.99,1,292.783,0.0,High-Risk Automation
17858,Low Risk,1108.3855296688455,0.085,3,3395.764,94.21277002185187,Loyal Growth
17655,High Risk,0.0,0.99,2,290.26,0.0,High-Risk Automation
17924,High Risk,0.0,0.99,3,290.25,0.0,High-Risk Automation
13094,Medium Risk,1471.0752870386932,0.55,3,430.656,809.0914078712814,Critical Retention
15304,High Risk,0.0,0.995,1,281.773,0.0,High-Risk Automation
14414,High Risk,0.0,1.0,1,279.796,0.0,High-Risk Automation
13576,Low Risk,500.25553780940515,0.175,3,1592.4180000000001,87.5447191166459,Loyal Growth
13047,Low Risk,1008.2302140722218,0.275,2,1002.975,277.263308869861,Loyal Growth
14236,High Risk,0.0,1.0,1,273.35,0.0,High-Risk Automation
12779,Low Risk,530.631490621637,0.245,2,1112.499,130.00471520230107,Loyal Growth
16034,High Risk,1355.8877653064053,0.875,1,308.72,1186.4017946431047,Emergency Intervention
16315,Medium Risk,1517.2924515778695,0.795,1,281.55,1206.2474990044063,Critical Retention
16985,Low Risk,419.7288525020485,0.165,1,1612.818,69.255260662838,Loyal Growth
17068,Low Risk,2569.1772945382495,0.105,3,2530.358,269.7636159265162,Loyal Growth
15139,High Risk,1606.973639481332,0.945,1,279.464,1518.5900893098585,Emergency Intervention
12672,High Risk,2377.072400538884,0.87,1,302.81600000000003,2068.052988468829,Emergency Intervention
16638,High Risk,1493.9710785891896,0.915,3,287.231,1366.9835369091086,Emergency Intervention
14737,High Risk,0.0,0.995,1,263.522,0.0,High-Risk Automation
14047,Medium Risk,1518.262369376742,0.6,3,363.815,910.9574216260452,Critical Retention
15569,High Risk,1462.8082197618721,0.955,1,272.45,1396.9818498725879,Emergency Intervention
15694,Low Risk,483.7719048023782,0.105,4,2441.527,50.79605000424971,Loyal Growth
14589,High Risk,0.0,0.995,1,257.61,0.0,High-Risk Automation
15101,Medium Risk,1394.3522931230743,0.785,2,271.12600000000003,1094.5665501016133,Critical Retention
16321,High Risk,1322.3097136543154,0.935,1,272.115,1236.3595822667849,Emergency Intervention
15987,High Risk,0.0,0.995,1,254.89,0.0,High-Risk Automation
18095,Low Risk,370.90717174452243,0.27,1,938.4599999999999,100.14493637102106,Nurture
16210,Low Risk,446.1854385930507,0.095,4,2667.08,42.38761666633982,Loyal Growth
17524,High Risk,0.0,0.995,1,246.76000000000002,0.0,High-Risk Automation
16835,High Risk,0.0,0.995,1,246.55400000000003,0.0,High-Risk Automation
14784,High Risk,1262.2638251031206,0.965,1,253.43,1218.0845912245113,Emergency Intervention
12712,Low Risk,639.1478151759039,0.14,5,1745.52,89.48069412462655,Loyal Growth
16700,Low Risk,398.75514067571754,0.21,1,1162.708,83.73857954190068,Loyal Growth
12865,High Risk,0.0,1.0,1,244.0,0.0,High-Risk Automation
16839,Low Risk,548.0188035938884,0.225,3,1083.538,123.3042308086249,Loyal Growth
14060,Low Risk,547.5380468958981,0.12,4,2007.065,65.70456562750778,Loyal Growth
16705,Low Risk,566.3506517861839,0.165,3,1451.816,93.44785754472035,Loyal Growth
16579,High Risk,0.0,0.995,1,240.42,0.0,High-Risk Automation
13115,Medium Risk,1291.2000174674395,0.78,2,254.62,1007.1360136246028,Critical Retention
18077,Low Risk,622.3449173034035,0.105,3,2260.612,65.34621631685737,Loyal Growth
13672,High Risk,2092.5066273304947,0.89,2,262.762,1862.3308983241402,Emergency Intervention
13854,Low Risk,497.39682602610515,0.13,6,1793.223,64.66158738339367,Loyal Growth
15465,Low Risk,1641.4794510378822,0.15,3,1549.838,246.22191765568232,Loyal Growth
12678,High Risk,0.0,0.995,1,232.98000000000002,0.0,High-Risk Automation
17389,Low Risk,392.55998832013245,0.27,3,856.098,105.99119684643577,Nurture
14092,Low Risk,1296.1244160812212,0.125,3,1827.42,162.01555201015265,Loyal Growth
12939,High Risk,1364.5389073268689,0.925,1,245.60999999999999,1262.1984892773537,Emergency Intervention
16326,Low Risk,465.3384612801532,0.245,2,920.9,114.00792301363752,Loyal Growth
14175,Low Risk,1540.9349320023532,0.26,1,865.97,400.6430823206118,Loyal Growth
14295,High Risk,1537.0690433451105,0.96,1,234.17999999999998,1475.586281611306,Emergency Intervention
13136,High Risk,0.0,0.995,1,225.08,0.0,High-Risk Automation
13034,High Risk,0.0,0.995,1,224.342,0.0,High-Risk Automation
12557,Medium Risk,2269.280310325362,0.615,3,299.08799999999997,1395.6073908500975,Critical Retention
17442,High Risk,0.0,1.0,1,213.97500000000002,0.0,High-Risk Automation
17228,Low Risk,430.1315867203542,0.07,4,3038.209,30.1092110704248,Loyal Growth
13011,High Risk,0.0,0.985,1,211.729,0.0,High-Risk Automation
13064,High Risk,1490.5017349929894,0.95,1,210.856,1415.97664824334,Emergency Intervention
14290,Low Risk,456.4378695229601,0.06,1,3326.272,27.386272171377605,Loyal Growth
16684,Low Risk,388.3780873131753,0.12,3,1636.252,46.60537047758103,Nurture
17220,Low Risk,2074.655425426275,0.105,1,1865.344,217.83881966975886,Loyal Growth
16353,Low Risk,466.1490251752644,0.245,6,782.057,114.20651116793978,Loyal Growth
12735,Low Risk,342.5245493858498,0.21,1,899.144,71.93015537102846,Nurture
14437,High Risk,0.0,1.0,1,185.369,0.0,High-Risk Automation
17685,Low Risk,579.0529743596215,0.115,3,1604.1509999999998,66.59109205135648,Loyal Growth
12417,Low Risk,844.2262797489311,0.275,2,658.898,232.16222693095608,Loyal Growth
16279,High Risk,1452.1783365956956,0.985,1,183.59,1430.39566154676,Emergency Intervention
15291,Low Risk,1242.242384714894,0.165,5,1095.858,204.9699934779575,Loyal Growth
15512,High Risk,0.0,1.0,1,177.698,0.0,High-Risk Automation
12709,Low Risk,597.3717777891189,0.125,2,1402.1589999999999,74.67147222363987,Loyal Growth
16497,Low Risk,340.11339224394703,0.215,1,808.412,73.12437933244861,Nurture
13817,High Risk,0.0,1.0,1,173.103,0.0,High-Risk Automation
15841,High Risk,0.0,0.965,1,178.221,0.0,High-Risk Automation
13491,Low Risk,542.9040265859032,0.075,4,2281.46,40.71780199394274,Loyal Growth
17188,Low Risk,557.5984211244834,0.145,3,1177.555,80.85177106305008,Loyal Growth
16997,Medium Risk,246.4001758026625,0.36,1,392.956,88.7040632889585,Targeted Campaign
16950,High Risk,0.0,0.985,1,172.05,0.0,High-Risk Automation
17411,High Risk,0.0,1.0,1,167.70500000000004,0.0,High-Risk Automation
14334,Low Risk,978.6611113926464,0.135,1,1209.981,132.11925003800727,Loyal Growth
17752,High Risk,0.0,0.995,1,164.0,0.0,High-Risk Automation
12346,High Risk,1521.8567165511245,0.935,1,171.69299999999998,1422.9360299753014,Emergency Intervention
13747,High Risk,0.0,0.995,1,160.21,0.0,High-Risk Automation
17547,High Risk,0.0,1.0,1,158.759,0.0,High-Risk Automation
17026,High Risk,0.0,0.995,1,158.28,0.0,High-Risk Automation
12989,High Risk,1688.48397239102,0.895,2,175.59,1511.193155289963,Emergency Intervention
14373,High Risk,0.0,1.0,1,156.713,0.0,High-Risk Automation
13963,Low Risk,543.936683549278,0.155,2,986.7860000000001,84.31018595013809,Loyal Growth
16754,High Risk,0.0,1.0,1,149.79,0.0,High-Risk Automation
18269,High Risk,0.0,1.0,2,149.497,0.0,High-Risk Automation
17848,Medium Risk,230.18216666781788,0.615,2,200.99,141.562032500708,Targeted Campaign
14243,Low Risk,401.4783485315286,0.09,2,1646.163,36.133051367837574,Loyal Growth
13368,High Risk,2285.422535290799,0.96,1,152.64000000000001,2194.005633879167,Emergency Intervention
16163,High Risk,0.0,0.99,1,147.741,0.0,High-Risk Automation
16019,Low Risk,365.31687333803876,0.235,2,620.1560000000001,85.84946523443911,Nurture
13948,High Risk,0.0,0.995,1,145.02,0.0,High-Risk Automation
14679,High Risk,0.0,0.99,1,144.839,0.0,High-Risk Automation
14113,Low Risk,274.118453139419,0.345,2,409.899,94.57086633309954,Nurture
12736,High Risk,1695.444047453704,0.945,1,149.16000000000003,1602.19462484375,Emergency Intervention
12791,High Risk,0.0,0.995,1,141.023,0.0,High-Risk Automation
17969,High Risk,0.0,0.98,1,141.19799999999998,0.0,High-Risk Automation
12731,Low Risk,1598.7662072119804,0.075,1,1837.38,119.90746554089853,Loyal Growth
14440,Low Risk,892.6875460032375,0.16,1,858.5450000000001,142.830007360518,Loyal Growth
16493,High Risk,1574.1351551136206,0.94,1,145.72,1479.6870458068033,Emergency Intervention
13198,Low Risk,2225.0310439710947,0.08,2,1678.968,178.00248351768758,Loyal Growth
15189,Low Risk,283.0819363083749,0.29,1,462.742,82.09376152942872,Nurture
14466,Low Risk,962.435079830487,0.125,1,1059.676,120.30438497881087,Loyal Growth
14045,High Risk,1630.8942903575746,0.865,2,151.691,1410.723561159302,Emergency Intervention
18230,High Risk,0.0,1.0,2,130.293,0.0,High-Risk Automation
14101,High Risk,1428.8347710489502,0.99,1,131.47299999999998,1414.5464233384607,Emergency Intervention
13984,High Risk,1599.6672114586127,0.8,2,160.666,1279.7337691668902,Emergency Intervention
13848,High Risk,0.0,0.995,1,128.07500000000002,0.0,High-Risk Automation
15759,High Risk,0.0,0.995,1,127.294,0.0,High-Risk Automation
17616,High Risk,0.0,1.0,1,125.5,0.0,High-Risk Automation
15834,High Risk,0.0,1.0,1,124.68,0.0,High-Risk Automation
18062,High Risk,1551.6542750414637,0.96,1,127.637,1489.588104039805,Emergency Intervention
18113,High Risk,0.0,1.0,1,122.25,0.0,High-Risk Automation
16191,Low Risk,437.32624413120703,0.125,6,973.982,54.66578051640088,Loyal Growth
13148,Low Risk,1203.839238874457,0.125,2,956.78,150.4799048593071,Loyal Growth
15171,High Risk,2354.8459064197787,0.86,2,138.45999999999998,2025.1674795210097,Emergency Intervention
13999,Low Risk,1979.6392433851506,0.06,2,1942.796,118.77835460310904,Loyal Growth
14217,Low Risk,470.7969943935143,0.205,4,562.003,96.51338385067042,Loyal Growth
13502,High Risk,1392.070992536502,0.995,1,112.889,1385.1106375738195,Emergency Intervention
15611,High Risk,1929.5081822898585,0.985,1,113.99,1900.5655595555106,Emergency Intervention
18225,High Risk,0.0,0.99,2,113.135,0.0,High-Risk Automation
13104,High Risk,0.0,0.99,1,113.10000000000001,0.0,High-Risk Automation
14185,High Risk,1690.5066951861995,0.955,1,116.4,1614.4338939028205,Emergency Intervention
15370,High Risk,1668.2192698340139,0.985,1,109.674,1643.1959807865037,Emergency Intervention
14426,Low Risk,384.67008562082736,0.285,2,374.06600000000003,109.63097440193579,Nurture
14560,Low Risk,399.79312059832193,0.11,2,959.299,43.97724326581541,Loyal Growth
13230,Low Risk,831.3297464299477,0.135,1,778.424,112.22951576804294,Loyal Growth
15213,Low Risk,434.463037018861,0.185,1,564.3340000000001,80.37566184848927,Loyal Growth
15347,High Risk,0.0,1.0,1,104.09,0.0,High-Risk Automation
12437,Medium Risk,369.1201479049053,0.355,1,237.662,131.0376525062414,Targeted Campaign
12734,High Risk,0.0,0.995,1,101.752,0.0,High-Risk Automation
12665,High Risk,1570.1434353482232,0.845,2,118.88999999999999,1326.7712028692486,Emergency Intervention
17735,Low Risk,915.8347276310685,0.04,1,2488.266,36.63338910524274,Loyal Growth
15329,High Risk,0.0,1.0,1,99.474,0.0,High-Risk Automation
17912,Low Risk,508.7149091850149,0.055,5,1808.299,27.97932000517582,Loyal Growth
16565,High Risk,0.0,1.0,1,99.25399999999999,0.0,High-Risk Automation
13506,Low Risk,476.74014464051857,0.04,1,2472.906,19.069605785620745,Loyal Growth
16519,High Risk,0.0,1.0,1,97.542,0.0,High-Risk Automation
17090,High Risk,0.0,1.0,1,96.69000000000001,0.0,High-Risk Automation
16596,High Risk,0.0,0.99,1,93.943,0.0,High-Risk Automation
14213,High Risk,0.0,0.99,1,93.525,0.0,High-Risk Automation
16679,High Risk,0.0,0.98,1,92.493,0.0,High-Risk Automation
17236,Low Risk,395.18693629961706,0.08,1,1131.164,31.614954903969366,Nurture
12913,High Risk,0.0,0.995,1,88.76299999999999,0.0,High-Risk Automation
15208,High Risk,0.0,1.0,1,87.358,0.0,High-Risk Automation
15562,High Risk,0.0,1.0,1,85.0,0.0,High-Risk Automation
14443,Low Risk,568.5985943726523,0.07,2,1199.224,39.801901606085664,Loyal Growth
15649,High Risk,1597.603118449933,0.87,2,95.35,1389.9147130514416,Emergency Intervention
12500,High Risk,2536.505111260788,0.905,1,91.43,2295.537125691013,Emergency Intervention
14895,High Risk,1416.168172895032,0.89,1,92.8,1260.3896738765786,Emergency Intervention
13270,High Risk,0.0,0.995,1,77.60000000000001,0.0,High-Risk Automation
14401,Low Risk,339.11907027089336,0.055,1,1348.061,18.651548864899134,Nurture
16359,High Risk,2289.1583349984185,0.82,2,90.35199999999999,1877.109834698703,Emergency Intervention
18256,High Risk,0.0,0.97,1,74.56,0.0,High-Risk Automation
16558,Low Risk,973.4803692049542,0.035,3,2060.987,34.0718129221734,Loyal Growth
15661,Low Risk,323.9456288940318,0.165,1,434.40000000000003,53.451028767515254,Nurture
18233,High Risk,1658.3099901102169,0.945,1,75.64999999999999,1567.102940654155,Emergency Intervention
15181,High Risk,0.0,0.995,2,71.17999999999999,0.0,High-Risk Automation
17677,Low Risk,522.8293753035956,0.075,3,937.279,39.21220314776967,Loyal Growth
12951,Low Risk,1378.9602548427197,0.34,1,206.572,468.84648664652474,Loyal Growth
14777,High Risk,0.0,0.995,1,68.75999999999999,0.0,High-Risk Automation
15527,Low Risk,310.2918669528528,0.085,1,795.62,26.374808690992488,Nurture
17457,Low Risk,215.47703765264393,0.165,1,400.99,35.55371121268625,Nurture
13324,Low Risk,401.31265452338465,0.095,1,679.95,38.124702179721545,Loyal Growth
14709,Low Risk,351.72389817584246,0.105,1,611.1659999999999,36.93100930846346,Nurture
13211,High Risk,0.0,0.99,1,63.322,0.0,High-Risk Automation
13784,High Risk,356.81866870750474,0.93,1,66.878,331.8413618979794,High-Risk Automation
17044,High Risk,0.0,0.995,1,61.672999999999995,0.0,High-Risk Automation
17863,Low Risk,1019.5661349863348,0.125,1,490.22800000000007,127.44576687329184,Loyal Growth
12870,High Risk,0.0,1.0,1,60.506,0.0,High-Risk Automation
18032,High Risk,1666.7785100615358,0.985,1,60.812,1641.7768324106128,Emergency Intervention
13890,Low Risk,388.8982545607302,0.04,1,1490.4669999999999,15.55593018242921,Nurture
14576,High Risk,0.0,0.985,1,60.347,0.0,High-Risk Automation
13266,High Risk,0.0,1.0,1,59.160000000000004,0.0,High-Risk Automation
12643,High Risk,2351.6318963620647,0.915,1,63.99,2151.7431851712895,Emergency Intervention
13527,High Risk,2429.993067322329,0.96,1,59.842,2332.7933446294355,Emergency Intervention
15197,High Risk,2519.58261895712,0.84,2,68.096,2116.4493999239808,Emergency Intervention
15777,Low Risk,285.72362682113777,0.095,2,590.396,27.143744548008087,Nurture
17720,High Risk,0.0,1.0,1,55.49,0.0,High-Risk Automation
13693,High Risk,1638.6855919190173,0.975,1,55.035999999999994,1597.7184521210418,Emergency Intervention
17700,High Risk,0.0,0.995,1,53.270999999999994,0.0,High-Risk Automation
12755,High Risk,0.0,1.0,1,51.482,0.0,High-Risk Automation
14865,High Risk,0.0,1.0,1,50.83,0.0,High-Risk Automation
17870,High Risk,0.0,1.0,1,49.989999999999995,0.0,High-Risk Automation
14309,Low Risk,340.90006223437126,0.29,2,171.151,98.86101804796766,Nurture
15316,High Risk,1613.7064290604164,0.99,1,50.0,1597.5693647698122,Emergency Intervention
13144,High Risk,1560.8633265839387,0.985,1,48.59,1537.4503766851797,Emergency Intervention
12348,Low Risk,667.5093322053415,0.06,1,788.79,40.05055993232049,Loyal Growth
16387,High Risk,1425.056817457189,0.945,1,49.971000000000004,1346.6786924970436,Emergency Intervention
12434,High Risk,0.0,0.995,1,46.576,0.0,High-Risk Automation
16656,Low Risk,275.43889128140233,0.29,3,159.305,79.87727847160667,Nurture
17339,High Risk,0.0,0.995,1,46.4,0.0,High-Risk Automation
17949,Medium Risk,1587.8319126014785,0.54,2,70.58200000000001,857.4292328047984,Critical Retention
18178,Low Risk,513.3148171236413,0.045,1,1008.9490000000001,23.09916677056386,Loyal Growth
17460,Low Risk,901.321139265122,0.12,2,373.97900000000004,108.15853671181465,Loyal Growth
12666,High Risk,0.0,0.995,1,44.283,0.0,High-Risk Automation
14944,High Risk,0.0,1.0,1,43.98,0.0,High-Risk Automation
17001,Low Risk,850.6578624198613,0.055,1,798.9689999999999,46.78618243309237,Loyal Growth
12691,Low Risk,409.91798136230585,0.05,1,844.3589999999999,20.495899068115293,Loyal Growth
17396,High Risk,0.0,0.995,1,41.97,0.0,High-Risk Automation
16892,High Risk,1677.2477877729852,0.99,1,42.001999999999995,1660.4753098952554,Emergency Intervention
18075,Low Risk,470.04605399252426,0.085,2,461.131,39.953914589364565,Loyal Growth
17707,High Risk,1707.4466684492259,0.97,1,40.404,1656.223268395749,Emergency Intervention
16861,High Risk,0.0,0.99,1,38.475,0.0,High-Risk Automation
17621,Low Risk,248.73298239328372,0.055,1,689.1,13.680314031630605,Nurture
16927,High Risk,0.0,1.0,1,36.29,0.0,High-Risk Automation
18141,High Risk,0.0,0.995,1,36.379999999999995,0.0,High-Risk Automation
17375,Low Risk,396.8112760524662,0.025,1,1317.236,9.920281901311656,Loyal Growth
15510,High Risk,1895.1681190158106,0.9,1,35.66,1705.6513071142297,Emergency Intervention
16094,High Risk,2031.2672437022868,0.99,1,31.69,2010.954571265264,Emergency Intervention
16810,High Risk,0.0,0.995,1,31.080000000000002,0.0,High-Risk Automation
12931,High Risk,0.0,0.985,2,30.662999999999997,0.0,High-Risk Automation
12600,Low Risk,587.5794332807586,0.065,2,460.78700000000003,38.192663163249314,Loyal Growth
13883,High Risk,1591.172165362524,0.96,1,30.5,1527.525278748023,Emergency Intervention
14264,High Risk,0.0,1.0,1,28.875999999999998,0.0,High-Risk Automation
16717,Low Risk,904.1523903877662,0.04,1,709.556,36.16609561551065,Loyal Growth
12924,High Risk,2208.252284095287,0.96,1,28.35,2119.9221927314757,Emergency Intervention
16983,Low Risk,1453.4594073096366,0.07,1,387.682,101.74215851167457,Loyal Growth
18016,Low Risk,442.8104759894131,0.025,1,1056.798,11.070261899735328,Loyal Growth
12649,High Risk,0.0,1.0,1,26.101,0.0,High-Risk Automation
17925,High Risk,0.0,0.985,1,26.09,0.0,High-Risk Automation
12586,High Risk,0.0,0.99,1,25.49,0.0,High-Risk Automation
17307,High Risk,0.0,0.99,1,25.19,0.0,High-Risk Automation
16995,High Risk,0.0,1.0,1,24.03,0.0,High-Risk Automation
18144,Low Risk,883.6661975894494,0.04,2,577.804,35.34664790357798,Loyal Growth
17262,High Risk,0.0,0.995,1,22.411,0.0,High-Risk Automation
14532,Low Risk,299.5918175673735,0.1,1,221.757,29.95918175673735,Nurture
12726,Low Risk,323.7813944229927,0.035,1,633.466,11.332348804804747,Nurture
15240,Low Risk,1035.1197501069998,0.05,1,439.794,51.75598750534999,Loyal Growth
16928,Low Risk,1460.7711729862722,0.04,1,547.972,58.430846919450886,Loyal Growth
14866,High Risk,0.0,0.99,1,21.689999999999998,0.0,High-Risk Automation
14119,High Risk,0.0,1.0,1,21.189999999999998,0.0,High-Risk Automation
13145,High Risk,0.0,0.99,1,21.35,0.0,High-Risk Automation
15881,Low Risk,548.2410048170608,0.12,2,174.211,65.7889205780473,Loyal Growth
16816,Low Risk,299.25886586659476,0.045,1,460.38,13.466648963996764,Nurture
12476,Low Risk,390.1177549640117,0.07,1,285.21,27.30824284748082,Nurture
14090,High Risk,1641.6248208274237,0.965,1,19.2,1584.1679520984637,Emergency Intervention
13829,High Risk,0.0,0.995,1,17.893,0.0,High-Risk Automation
16711,High Risk,0.0,0.935,1,18.990000000000002,0.0,High-Risk Automation
14543,Low Risk,413.9251723176554,0.03,1,579.6800000000001,12.417755169529661,Loyal Growth
15838,Low Risk,441.0045541617556,0.06,2,284.395,26.460273249705335,Loyal Growth
17633,High Risk,0.0,0.99,1,17.192999999999998,0.0,High-Risk Automation
13629,Low Risk,197.96594171781155,0.24,1,67.92,47.51182601227477,Nurture
16424,High Risk,1903.4460553803876,0.98,1,16.630000000000003,1865.3771342727798,Emergency Intervention
12503,High Risk,1882.3723006491587,0.98,1,16.630000000000003,1844.7248546361755,Emergency Intervention
13029,High Risk,0.0,0.98,1,15.99,0.0,High-Risk Automation
16138,High Risk,0.0,0.995,1,15.280000000000001,0.0,High-Risk Automation
13481,High Risk,0.0,0.995,1,15.280000000000001,0.0,High-Risk Automation
16532,High Risk,0.0,0.975,1,15.450000000000001,0.0,High-Risk Automation
18037,Low Risk,1791.2545943826326,0.03,1,495.182,53.73763783147898,Loyal Growth
17293,Low Risk,412.32920451264965,0.015,1,980.688,6.184938067689744,Loyal Growth
18193,High Risk,0.0,0.995,1,14.059999999999999,0.0,High-Risk Automation
13802,Low Risk,359.23063149906875,0.05,1,271.98,17.961531574953437,Nurture
13953,High Risk,0.0,1.0,1,13.2,0.0,High-Risk Automation
16500,High Risk,1769.5642643628278,0.92,1,13.68,1627.9991232138016,Emergency Intervention
14608,High Risk,0.0,0.975,1,11.59,0.0,High-Risk Automation
17214,Low Risk,364.6299072671745,0.02,1,555.337,7.29259814534349,Nurture
16168,Low Risk,1043.7318588446115,0.03,1,358.95,31.311955765338343,Loyal Growth
14496,Low Risk,986.2508952090303,0.11,1,91.298,108.48759847299334,Loyal Growth
14462,Low Risk,1906.2761168128156,0.15,1,65.94,285.94141752192235,Loyal Growth
13750,High Risk,1943.853062412661,0.98,1,8.79,1904.9760011644078,Emergency Intervention
15468,High Risk,0.0,0.995,1,8.392,0.0,High-Risk Automation
17580,Low Risk,276.231016344174,0.05,1,164.438,13.811550817208701,Nurture
16593,High Risk,1859.0354060884413,0.99,1,8.09,1840.4450520275568,Emergency Intervention
13748,High Risk,0.0,0.99,1,7.74,0.0,High-Risk Automation
12875,High Risk,0.0,0.97,1,7.2,0.0,High-Risk Automation
16531,Low Risk,364.7461278157557,0.025,1,206.104,9.118653195393893,Nurture
17888,Low Risk,347.81417566005075,0.025,1,200.52,8.695354391501269,Nurture
15079,Low Risk,892.5433209066186,0.04,1,123.243,35.701732836264746,Loyal Growth
14409,Low Risk,1128.5579678453878,0.01,1,426.87,11.285579678453878,Loyal Growth
14744,Low Risk,424.3338988793301,0.015,1,202.72,6.365008483189951,Loyal Growth
17239,Low Risk,240.67642315481606,0.11,1,24.702,26.474406547029766,Nurture
14850,Low Risk,1052.7955581096119,0.1,1,17.133,105.2795558109612,Loyal Growth
16570,Low Risk,388.503380264305,0.04,1,37.102000000000004,15.5401352105722,Nurture
15179,Low Risk,619.8045333376667,0.06,1,21.189999999999998,37.18827200026,Loyal Growth
14441,Low Risk,1620.0370469551233,0.05,1,18.86,81.00185234775617,Loyal Growth
17306,Low Risk,266.61749841323257,0.075,1,9.591000000000001,19.996312380992443,Nurture
